11/10/2021 11:48:56.6476,  5000,  2166, -1078,  6603, -2532,  -819,  -304,  1680,11111001, 0002169020,0350683396,R,L,-, 0000000000,0000024512,S,L,-, 0000000000,0000000000,S,L,N, 0002169020,  5000,0000000000,
11/10/2021 11:49:56.6477,  4848,  2163, -1078,  6603, -2538,  -825,  -308,  1674,11111001, 0150728160,0347950774,R,L,-, 0000000000,0000024512,S,L,-, 0000000000,0000000000,S,L,N, 0150728160,  4848,0000000000,
11/10/2021 11:50:56.6474,  5006,  2160, -1078,  6603, -2541,  -827,  -312,  1670,11111001, 0018760150,0336889130,R,L,-, 0000000000,0000024512,S,L,-, 0000000000,0000000000,S,L,N, 0018760150,  5006,0000000000,
11/10/2021 11:51:56.6478,  5000,  2155, -1078,  6603, -2543,  -831,  -317,  1665,11111001, 0019483160,0335806425,R,L,-, 0000000000,0000024512,S,L,-, 0000000000,0000000000,S,L,N, 0019483160,  5000,0000000000,
11/10/2021 11:52:56.6474,  5000,  2153, -1078,  6602, -2550,  -839,  -324,  1657,11111001, 0005403530,0334704345,R,L,-, 0000000000,0000024512,S,L,-, 0000000000,0000000000,S,L,N, 0005403530,  5000,0000000000,
11/10/2021 11:53:56.6473,  5000,  2149, -1078,  6602, -2556,  -845,  -330,  1650,11111001, 0006811490,0333771189,R,L,-, 0000000000,0000024512,S,L,-, 0000000000,0000000000,S,L,N, 0006811490,  5000,0000000000,
11/10/2021 11:54:56.6481,  5000,  2145, -1078,  6603, -2561,  -851,  -336,  1643,11111001, 0015030950,0332714836,R,L,-, 0000000000,0000024512,S,L,-, 0000000000,0000000000,S,L,N, 0015030950,  5000,0000000000,
11/10/2021 11:55:56.6472,  5000,  2140, -1078,  6602, -2567,  -857,  -344,  1634,11111001, 0017884930,0331757516,R,L,-, 0000000000,0000024512,S,L,-, 0000000000,0000000000,S,L,N, 0017884930,  5000,0000000000,
11/10/2021 11:56:56.6472,  5000,  2135, -1078,  6603, -2572,  -863,  -350,  1627,11111001, 0013090250,0330852361,R,L,-, 0000000000,0000024512,S,L,-, 0000000000,0000000000,S,L,N, 0013090250,  5000,0000000000,
11/10/2021 11:57:56.6472,  5000,  1993, -1078,  6603, -2722, -1054,  -553,  1388,11111001, 0013851310,0329821440,R,L,-, 0000000000,0000040875,S,L,-, 0000000000,0000000000,S,L,N, 0013851310,  5000,0000000000,
11/10/2021 11:58:56.6482,  5000,  1985, -1078,  6603, -2763, -1081,  -577,  1371,11111001, 0016438920,0328915967,R,L,-, 0000000000,0000040875,S,L,-, 0000000000,0000000000,S,L,N, 0016438920,  5000,0000000000,
11/10/2021 11:59:56.6472,  5000,  1980, -1078,  6603, -2772, -1091,  -586,  1361,11111001, 0014307950,0327850323,R,L,-, 0000000000,0000040875,S,L,-, 0000000000,0000000000,S,L,N, 0014307950,  5000,0000000000,
11/10/2021 12:00:56.6473,  5000,  1976, -1078,  6602, -2779, -1098,  -593,  1352,11111001, 0003538930,0326934766,R,L,-, 0000000000,0000040875,S,L,-, 0000000000,0000000000,S,L,N, 0003538930,  5000,0000000000,
11/10/2021 12:01:56.6481,  5000,  1971, -1078,  6603, -2785, -1104,  -600,  1346,11111001, 0007410830,0325955344,R,L,-, 0000000000,0000040875,S,L,-, 0000000000,0000000000,S,L,N, 0007410830,  5000,0000000000,
11/10/2021 12:02:56.6479,  5000,  1967, -1078,  6603, -2791, -1110,  -607,  1337,11111001, 0009665470,0324859606,R,L,-, 0000000000,0000040875,S,L,-, 0000000000,0000000000,S,L,N, 0009665470,  5000,0000000000,
11/10/2021 12:03:56.6478,  5000,  1963, -1078,  6602, -2795, -1117,  -613,  1330,11111001, 0014878740,0323813210,R,L,-, 0000000000,0000040875,S,L,-, 0000000000,0000000000,S,L,N, 0014878740,  5000,0000000000,
11/10/2021 12:04:56.6481,  5000,  1959, -1078,  6603, -2802, -1122,  -620,  1323,11111001, 0005289370,0322899810,R,L,-, 0000000000,0000040875,S,L,-, 0000000000,0000000000,S,L,N, 0005289370,  5000,0000000000,
11/10/2021 12:05:56.6480,  5000,  1954, -1078,  6602, -2807, -1129,  -626,  1316,11111001, 0009437150,0322011874,R,L,-, 0000000000,0000040875,S,L,-, 0000000000,0000000000,S,L,N, 0009437150,  5000,0000000000,
11/10/2021 12:06:56.6481,  5000,  1950, -1078,  6603, -2812, -1135,  -633,  1308,11111001, 0011910600,0320906686,R,L,-, 0000000000,0000040875,S,L,-, 0000000000,0000000000,S,L,N, 0011910600,  5000,0000000000,
11/10/2021 12:07:56.6480,  5000,  1946, -1078,  6603, -2818, -1142,  -639,  1302,11111001, 0001826540,0319993571,R,L,-, 0000000000,0000040875,S,L,-, 0000000000,0000000000,S,L,N, 0001826540,  5000,0000000000,
11/10/2021 12:08:56.6479,  5000,  1941, -1078,  6603, -2824, -1148,  -647,  1293,11111001, 0006202640,0318966931,R,L,-, 0000000000,0000040875,S,L,-, 0000000000,0000000000,S,L,N, 0006202640,  5000,0000000000,
11/10/2021 12:09:56.6481,  5000,  1937, -1078,  6603, -2829, -1155,  -653,  1285,11111001, 0004604420,0318012782,R,L,-, 0000000000,0000040875,S,L,-, 0000000000,0000000000,S,L,N, 0004604420,  5000,0000000000,
11/10/2021 12:10:56.6476,  5000,  1932, -1078,  6603, -2836, -1161,  -659,  1278,11111001, 0010198210,0317051182,R,L,-, 0000000000,0000040875,S,L,-, 0000000000,0000000000,S,L,N, 0010198210,  5000,0000000000,
11/10/2021 12:11:56.6477,  5000,  1928, -1078,  6603, -2841, -1169,  -667,  1270,11111001, 0005974330,0316020800,R,L,-, 0000000000,0000040875,S,L,-, 0000000000,0000000000,S,L,N, 0005974330,  5000,0000000000,
11/10/2021 12:12:56.6478,  5000,  1923, -1078,  6602, -2847, -1174,  -674,  1262,11111001, 0018950420,0315039221,R,L,-, 0000000000,0000040875,S,L,-, 0000000000,0000000000,S,L,N, 0018950420,  5000,0000000000,
11/10/2021 12:13:56.6481,  5000,  1918, -1078,  6602, -2853, -1181,  -681,  1254,11111001, 0009627420,0314103718,R,L,-, 0000000000,0000040875,S,L,-, 0000000000,0000000000,S,L,N, 0009627420,  5000,0000000000,
11/10/2021 12:14:56.6477,  5000,  1914, -1078,  6602, -2858, -1188,  -687,  1247,11111001, 0008942460,0313009630,R,L,-, 0000000000,0000040875,S,L,-, 0000000000,0000000000,S,L,N, 0008942460,  5000,0000000000,
11/10/2021 12:15:56.6478,  5000,  1910, -1078,  6603, -2865, -1194,  -694,  1239,11111001, 0001331850,0312042035,R,L,-, 0000000000,0000040875,S,L,-, 0000000000,0000000000,S,L,N, 0001331850,  5000,0000000000,
11/10/2021 12:16:56.6481,  5000,  1905, -1078,  6602, -2870, -1200,  -700,  1231,11111001, 0003158400,0311073331,R,L,-, 0000000000,0000040875,S,L,-, 0000000000,0000000000,S,L,N, 0003158400,  5000,0000000000,
11/10/2021 12:17:56.6480,  5000,  1901, -1078,  6604, -2876, -1207,  -707,  1224,11111001, 0007762820,0310136116,R,L,-, 0000000000,0000040875,S,L,-, 0000000000,0000000000,S,L,N, 0007762820,  5000,0000000000,
11/10/2021 12:18:56.6477,  5000,  1897, -1078,  6603, -2881, -1214,  -715,  1217,11111001, 0007724770,0309023286,R,L,-, 0000000000,0000040875,S,L,-, 0000000000,0000000000,S,L,N, 0007724770,  5000,0000000000,
11/10/2021 12:19:56.6472,  5000,  1893, -1078,  6603, -2887, -1219,  -720,  1210,11111001, 0008676090,0308136840,R,L,-, 0000000000,0000040875,S,L,-, 0000000000,0000000000,S,L,N, 0008676090,  5000,0000000000,
11/10/2021 12:20:56.6472,  5000,  1889, -1078,  6601, -2892, -1225,  -727,  1203,11111001, 0012595560,0307167755,R,L,-, 0000000000,0000040875,S,L,-, 0000000000,0000000000,S,L,N, 0012595560,  5000,0000000000,
11/10/2021 12:21:56.6478,  5000,  1884, -1078,  6603, -2897, -1232,  -733,  1195,11111001, 0018455730,0306114288,R,L,-, 0000000000,0000040875,S,L,-, 0000000000,0000000000,S,L,N, 0018455730,  5000,0000000000,
11/10/2021 12:22:56.6472,  5000,  1880, -1078,  6603, -2904, -1238,  -739,  1188,11111001, 0015715910,0305121706,R,L,-, 0000000000,0000040875,S,L,-, 0000000000,0000000000,S,L,N, 0015715910,  5000,0000000000,
11/10/2021 12:23:56.6479,  5000,  1875, -1078,  6602, -2908, -1244,  -746,  1181,11111001, 0020130060,0304147833,R,L,-, 0000000000,0000040875,S,L,-, 0000000000,0000000000,S,L,N, 0020130060,  5000,0000000000,
11/10/2021 12:24:56.6477,  5003,  1872, -1078,  6603, -2914, -1251,  -752,  1174,11111001, 0014878740,0303082664,R,L,-, 0000000000,0000040875,S,L,-, 0000000000,0000000000,S,L,N, 0014878740,  5003,0000000000,
11/10/2021 12:25:56.6474,  5000,  1867, -1078,  6603, -2919, -1256,  -758,  1166,11111001, 0008333610,0302172721,R,L,-, 0000000000,0000040875,S,L,-, 0000000000,0000000000,S,L,N, 0008333610,  5000,0000000000,
11/10/2021 12:26:56.6477,  5000,  1864, -1078,  6603, -2925, -1263,  -766,  1159,11111001, 0015069010,0301137519,R,L,-, 0000000000,0000040875,S,L,-, 0000000000,0000000000,S,L,N, 0015069010,  5000,0000000000,
11/10/2021 12:27:56.6479,  5000,  1859, -1078,  6602, -2931, -1269,  -772,  1152,11111001, 0006659280,0300199606,R,L,-, 0000000000,0000040875,S,L,-, 0000000000,0000000000,S,L,N, 0006659280,  5000,0000000000,
11/10/2021 12:28:56.6474,  5000,  1855, -1078,  6602, -2935, -1275,  -778,  1145,11111001, 0010426530,0299220532,R,L,-, 0000000000,0000040875,S,L,-, 0000000000,0000000000,S,L,N, 0010426530,  5000,0000000000,
11/10/2021 12:29:56.6475,  5000,  1851, -1078,  6602, -2941, -1281,  -784,  1138,11111001, 0009284940,0298204769,R,L,-, 0000000000,0000040875,S,L,-, 0000000000,0000000000,S,L,N, 0009284940,  5000,0000000000,
11/10/2021 12:30:56.6474,  5000,  1847, -1078,  6603, -2946, -1286,  -790,  1131,11111001, 0004680520,0297119908,R,L,-, 0000000000,0000040875,S,L,-, 0000000000,0000000000,S,L,N, 0004680520,  5000,0000000000,
11/10/2021 12:31:56.6475,  5000,  1843, -1078,  6603, -2951, -1292,  -796,  1124,11111001, 0015259270,0296135349,R,L,-, 0000000000,0000040875,S,L,-, 0000000000,0000000000,S,L,N, 0015259270,  5000,0000000000,
11/10/2021 12:32:56.6473,  5000,  1839, -1078,  6603, -2956, -1298,  -802,  1118,11111001, 0008561930,0295109851,R,L,-, 0000000000,0000040875,S,L,-, 0000000000,0000000000,S,L,N, 0008561930,  5000,0000000000,
11/10/2021 12:33:56.6474,  5000,  1835, -1078,  6603, -2961, -1304,  -808,  1111,11111001, 0014536260,0294166071,R,L,-, 0000000000,0000040875,S,L,-, 0000000000,0000000000,S,L,N, 0014536260,  5000,0000000000,
11/10/2021 12:34:56.6473,  5000,  1831, -1078,  6603, -2967, -1310,  -814,  1104,11111001, 0008523880,0293166386,R,L,-, 0000000000,0000040875,S,L,-, 0000000000,0000000000,S,L,N, 0008523880,  5000,0000000000,
11/10/2021 12:35:56.6478,  5000,  1827, -1078,  6603, -2972, -1315,  -821,  1097,11111001, 0019787590,0292204880,R,L,-, 0000000000,0000040875,S,L,-, 0000000000,0000000000,S,L,N, 0019787590,  5000,0000000000,
11/10/2021 12:36:56.6473,  5000,  1824, -1078,  6603, -2977, -1321,  -825,  1092,11111001, 0017542460,0291221177,R,L,-, 0000000000,0000040875,S,L,-, 0000000000,0000000000,S,L,N, 0017542460,  5000,0000000000,
11/10/2021 12:37:56.6473,  5000,  1803, -1078,  6602, -2985, -1335,  -843,  1063,11111001, 0008599990,0290178396,R,L,-, 0000000000,0000043031,S,L,E, 0000000000,0000000000,S,L,N, 0008599990,  5000,0000000000,
11/10/2021 12:38:56.6481,  5000,  1799, -1078,  6604, -3008, -1356,  -863,  1050,11111001, 0009813880,0289262205,R,L,-, 0000000000,0000043031,S,L,E, 0000000000,0000000000,S,L,N, 0009813880,  5000,0000000000,
11/10/2021 12:39:56.6474,  5000,  1795, -1078,  6603, -3013, -1362,  -868,  1043,11111001, 0004185830,0288170146,R,L,-, 0000000000,0000043031,S,L,E, 0000000000,0000000000,S,L,N, 0004185830,  5000,0000000000,
11/10/2021 12:40:56.6473,  5000,  1791, -1078,  6602, -3018, -1369,  -876,  1035,11111001, 0014726530,0287283858,R,L,-, 0000000000,0000043031,S,L,E, 0000000000,0000000000,S,L,N, 0014726530,  5000,0000000000,
11/10/2021 12:41:56.6479,  5000,  1787, -1078,  6602, -3023, -1374,  -882,  1029,11111001, 0005327420,0286248593,R,L,-, 0000000000,0000043031,S,L,E, 0000000000,0000000000,S,L,N, 0005327420,  5000,0000000000,
11/10/2021 12:42:56.6481,  5000,  1784, -1078,  6603, -3028, -1380,  -886,  1023,11111001, 0004952600,0285262702,R,L,-, 0000000000,0000043031,S,L,E, 0000000000,0000000000,S,L,N, 0004952600,  5000,0000000000,
11/10/2021 12:43:56.6472,  5000,  1780, -1078,  6603, -3032, -1385,  -892,  1016,11111001, 0010274320,0284306524,R,L,-, 0000000000,0000043031,S,L,E, 0000000000,0000000000,S,L,N, 0010274320,  5000,0000000000,
11/10/2021 12:44:56.6477,  5000,  1776, -1078,  6603, -3037, -1390,  -898,  1009,11111001, 0013242460,0283316985,R,L,-, 0000000000,0000043031,S,L,E, 0000000000,0000000000,S,L,N, 0013242460,  5000,0000000000,
11/10/2021 12:45:56.6474,  5000,  1772, -1078,  6603, -3043, -1397,  -904,  1002,11111001, 0006583170,0282241606,R,L,-, 0000000000,0000043031,S,L,E, 0000000000,0000000000,S,L,N, 0006583170,  5000,0000000000,
11/10/2021 12:46:56.6481,  5000,  1769, -1078,  6602, -3047, -1401,  -909,   996,11111001, 0011453970,0281333089,R,L,-, 0000000000,0000043031,S,L,E, 0000000000,0000000000,S,L,N, 0011453970,  5000,0000000000,
11/10/2021 12:47:56.6473,  5003,  1765, -1078,  6603, -3053, -1407,  -916,   990,11111001, 0014802630,0280121416,R,L,-, 0000000000,0000043031,S,L,E, 0000000000,0000000000,S,L,N, 0014802630,  5003,0000000000,
11/10/2021 12:48:56.6481,  5000,  1761, -1078,  6603, -3057, -1412,  -921,   984,11111001, 0013546880,0279300073,R,L,-, 0000000000,0000043031,S,L,E, 0000000000,0000000000,S,L,N, 0013546880,  5000,0000000000,
11/10/2021 12:49:56.6474,  5000,  1757, -1078,  6602, -3061, -1417,  -926,   977,11111001, 0015449540,0278310725,R,L,-, 0000000000,0000043031,S,L,E, 0000000000,0000000000,S,L,N, 0015449540,  5000,0000000000,
11/10/2021 12:50:56.6474,  5000,  1754, -1078,  6603, -3066, -1422,  -931,   972,11111001, 0014041570,0277367897,R,L,-, 0000000000,0000043031,S,L,E, 0000000000,0000000000,S,L,N, 0014041570,  5000,0000000000,
11/10/2021 12:51:56.6472,  5000,  1751, -1078,  6603, -3071, -1427,  -936,   966,11111001, 0015449540,0276388823,R,L,-, 0000000000,0000043031,S,L,E, 0000000000,0000000000,S,L,N, 0015449540,  5000,0000000000,
11/10/2021 12:52:56.6481,  5000,  1747, -1078,  6603, -3075, -1433,  -941,   960,11111001, 0018417680,0275309226,R,L,-, 0000000000,0000043031,S,L,E, 0000000000,0000000000,S,L,N, 0018417680,  5000,0000000000,
11/10/2021 12:53:56.6482,  5000,  1743, -1078,  6603, -3079, -1438,  -948,   954,11111001, 0006697330,0274369157,R,L,-, 0000000000,0000043031,S,L,E, 0000000000,0000000000,S,L,N, 0006697330,  5000,0000000000,
11/10/2021 12:54:56.6480,  5000,  1740, -1078,  6603, -3084, -1443,  -953,   948,11111001, 0010049810,0273393128,R,L,-, 0000000000,0000043031,S,L,E, 0000000000,0000000000,S,L,N, 0010049810,  5000,0000000000,
11/10/2021 12:55:56.6480,  5000,  1737, -1078,  6603, -3088, -1448,  -958,   942,11111001, 0004718570,0272444148,R,L,-, 0000000000,0000043031,S,L,E, 0000000000,0000000000,S,L,N, 0004718570,  5000,0000000000,
11/10/2021 12:56:56.6478,  5000,  1733, -1078,  6603, -3093, -1453,  -964,   936,11111001, 0008409720,0271461555,R,L,-, 0000000000,0000043031,S,L,E, 0000000000,0000000000,S,L,N, 0008409720,  5000,0000000000,
11/10/2021 12:57:56.6480,  5000,  1730, -1078,  6603, -3097, -1458,  -969,   929,11111001, 0008790250,0270444238,R,L,-, 0000000000,0000043031,S,L,E, 0000000000,0000000000,S,L,N, 0008790250,  5000,0000000000,
11/10/2021 12:58:56.6480,  5000,  1727, -1078,  6603, -3103, -1463,  -974,   923,11111001, 0016553080,0269396161,R,L,-, 0000000000,0000043031,S,L,E, 0000000000,0000000000,S,L,N, 0016553080,  5000,0000000000,
11/10/2021 12:59:56.6480,  5000,  1723, -1078,  6603, -3106, -1467,  -979,   918,11111001, 0007762820,0268436273,R,L,-, 0000000000,0000043031,S,L,E, 0000000000,0000000000,S,L,N, 0007762820,  5000,0000000000,
11/10/2021 13:00:56.6479,  5000,  1720, -1078,  6604, -3111, -1473,  -984,   912,11111001, 0009703520,0267549002,R,L,-, 0000000000,0000043031,S,L,E, 0000000000,0000000000,S,L,N, 0009703520,  5000,0000000000,
11/10/2021 13:01:56.6480,  5000,  1716, -1078,  6603, -3116, -1478,  -990,   906,11111001, 0002054860,0266513420,R,L,-, 0000000000,0000043031,S,L,E, 0000000000,0000000000,S,L,N, 0002054860,  5000,0000000000,
11/10/2021 13:02:56.6480,  5000,  1712, -1078,  6603, -3120, -1483,  -995,   900,11111001, 0012215030,0265510215,R,L,-, 0000000000,0000043031,S,L,E, 0000000000,0000000000,S,L,N, 0012215030,  5000,0000000000,
11/10/2021 13:03:56.6481,  5000,  1709, -1078,  6603, -3124, -1488, -1001,   894,11111001, 0007039810,0264548138,R,L,-, 0000000000,0000043031,S,L,E, 0000000000,0000000000,S,L,N, 0007039810,  5000,0000000000,
11/10/2021 13:04:56.6479,  5000,  1705, -1078,  6602, -3129, -1494, -1005,   889,11111001, 0017808830,0263574582,R,L,-, 0000000000,0000043031,S,L,E, 0000000000,0000000000,S,L,N, 0017808830,  5000,0000000000,
11/10/2021 13:05:56.6480,  5000,  1702, -1078,  6603, -3133, -1498, -1010,   882,11111001, 0009817680,0262634799,R,L,-, 0000000000,0000043031,S,L,E, 0000000000,0000000000,S,L,N, 0009817680,  5000,0000000000,
11/10/2021 13:06:56.6478,  5000,  1699, -1078,  6603, -3138, -1503, -1016,   876,11111001, 0006164590,0261654932,R,L,-, 0000000000,0000043031,S,L,E, 0000000000,0000000000,S,L,N, 0006164590,  5000,0000000000,
11/10/2021 13:07:56.6478,  5000,  1696, -1078,  6603, -3142, -1508, -1021,   872,11111001, 0016020330,0260663143,R,L,-, 0000000000,0000043031,S,L,E, 0000000000,0000000000,S,L,N, 0016020330,  5000,0000000000,
11/10/2021 13:08:56.6477,  5000,  1693, -1078,  6603, -3146, -1513, -1026,   866,11111001, 0003729190,0259697388,R,L,-, 0000000000,0000043031,S,L,E, 0000000000,0000000000,S,L,N, 0003729190,  5000,0000000000,
11/10/2021 13:09:56.6476,  5000,  1689, -1078,  6603, -3150, -1517, -1030,   860,11111001, 0006469010,0258715333,R,L,-, 0000000000,0000043031,S,L,E, 0000000000,0000000000,S,L,N, 0006469010,  5000,0000000000,
11/10/2021 13:10:56.6478,  5000,  1686, -1078,  6602, -3154, -1523, -1035,   854,11111001, 0014992900,0257733850,R,L,-, 0000000000,0000043031,S,L,E, 0000000000,0000000000,S,L,N, 0014992900,  5000,0000000000,
11/10/2021 13:11:56.6475,  5000,  1682, -1078,  6603, -3159, -1528, -1041,   848,11111001, 0006773440,0256747737,R,L,-, 0000000000,0000043031,S,L,E, 0000000000,0000000000,S,L,N, 0006773440,  5000,0000000000,
11/10/2021 13:12:56.6478,  5000,  1680, -1078,  6603, -3163, -1532, -1046,   843,11111001, 0003500880,0255814422,R,L,-, 0000000000,0000043031,S,L,E, 0000000000,0000000000,S,L,N, 0003500880,  5000,0000000000,
11/10/2021 13:13:56.6478,  5000,  1676, -1078,  6603, -3167, -1538, -1050,   837,11111001, 0008866360,0254827706,R,L,-, 0000000000,0000043031,S,L,E, 0000000000,0000000000,S,L,N, 0008866360,  5000,0000000000,
11/10/2021 13:14:56.6477,  5000,  1672, -1078,  6603, -3171, -1542, -1055,   832,11111001, 0003348660,0253772653,R,L,-, 0000000000,0000043031,S,L,E, 0000000000,0000000000,S,L,N, 0003348660,  5000,0000000000,
11/10/2021 13:15:56.6476,  5000,  1669, -1078,  6603, -3175, -1546, -1060,   826,11111001, 0008181400,0252886524,R,L,-, 0000000000,0000043031,S,L,E, 0000000000,0000000000,S,L,N, 0008181400,  5000,0000000000,
11/10/2021 13:16:56.6478,  5000,  1666, -1078,  6603, -3180, -1552, -1066,   820,11111001, 0012861930,0251871586,R,L,-, 0000000000,0000043031,S,L,E, 0000000000,0000000000,S,L,N, 0012861930,  5000,0000000000,
11/10/2021 13:17:56.6479,  5000,  1663, -1078,  6603, -3184, -1556, -1070,   815,11111001, 0009969900,0250921591,R,L,-, 0000000000,0000043031,S,L,E, 0000000000,0000000000,S,L,N, 0009969900,  5000,0000000000,
11/10/2021 13:18:56.6477,  5000,  1660, -1078,  6602, -3189, -1560, -1076,   810,11111001, 0002359280,0249904782,R,L,-, 0000000000,0000043031,S,L,E, 0000000000,0000000000,S,L,N, 0002359280,  5000,0000000000,
11/10/2021 13:19:56.6476,  5000,  1656, -1078,  6603, -3192, -1565, -1080,   804,11111001, 0007724770,0248911882,R,L,-, 0000000000,0000043031,S,L,E, 0000000000,0000000000,S,L,N, 0007724770,  5000,0000000000,
11/10/2021 13:20:56.6476,  5000,  1654, -1078,  6604, -3197, -1570, -1085,   799,11111001, 0006101800,0248038818,R,L,-, 0000000000,0000043031,S,L,E, 0000000000,0000000000,S,L,N, 0006101800,  5000,0000000000,
11/10/2021 13:21:56.6477,  5000,  1651, -1078,  6603, -3200, -1574, -1089,   794,11111001, 0012976090,0247114160,R,L,-, 0000000000,0000043031,S,L,E, 0000000000,0000000000,S,L,N, 0012976090,  5000,0000000000,
11/10/2021 13:22:56.6477,  5003,  1648, -1078,  6602, -3204, -1578, -1093,   790,11111001, 0005251320,0246047438,R,L,-, 0000000000,0000043031,S,L,E, 0000000000,0000000000,S,L,N, 0005251320,  5003,0000000000,
11/10/2021 13:23:56.6481,  5000,  1644, -1078,  6603, -3208, -1582, -1098,   783,11111001, 0004490260,0245135496,R,L,-, 0000000000,0000043031,S,L,E, 0000000000,0000000000,S,L,N, 0004490260,  5000,0000000000,
11/10/2021 13:24:56.6472,  5000,  1642, -1078,  6603, -3212, -1588, -1103,   778,11111001, 0010198210,0244235732,R,L,-, 0000000000,0000043031,S,L,E, 0000000000,0000000000,S,L,N, 0010198210,  5000,0000000000,
11/10/2021 13:25:56.6474,  5000,  1638, -1078,  6603, -3216, -1592, -1108,   773,11111001, 0010198210,0243331401,R,L,-, 0000000000,0000043031,S,L,E, 0000000000,0000000000,S,L,N, 0010198210,  5000,0000000000,
11/10/2021 13:26:56.6474,  5000,  1635, -1078,  6602, -3220, -1596, -1112,   767,11111001, 0011377860,0242327625,R,L,-, 0000000000,0000043031,S,L,E, 0000000000,0000000000,S,L,N, 0011377860,  5000,0000000000,
11/10/2021 13:27:56.6474,  5000,  1632, -1078,  6603, -3224, -1601, -1117,   763,11111001, 0011339810,0241397925,R,L,-, 0000000000,0000043031,S,L,E, 0000000000,0000000000,S,L,N, 0011339810,  5000,0000000000,
11/10/2021 13:28:56.6475,  5000,  1629, -1078,  6603, -3228, -1605, -1122,   756,11111001, 0009018570,0240431409,R,L,-, 0000000000,0000043031,S,L,E, 0000000000,0000000000,S,L,N, 0009018570,  5000,0000000000,
11/10/2021 13:29:56.6474,  5000,  1626, -1078,  6602, -3232, -1611, -1127,   751,11111001, 0008067240,0239549846,R,L,-, 0000000000,0000043031,S,L,E, 0000000000,0000000000,S,L,N, 0008067240,  5000,0000000000,
11/10/2021 13:30:56.6475,  5000,  1623, -1078,  6603, -3237, -1615, -1132,   745,11111001, 0007077860,0238501041,R,L,-, 0000000000,0000043031,S,L,E, 0000000000,0000000000,S,L,N, 0007077860,  5000,0000000000,
11/10/2021 13:31:56.6473,  5000,  1620, -1078,  6603, -3240, -1619, -1137,   739,11111001, 0013204410,0237562335,R,L,-, 0000000000,0000043031,S,L,E, 0000000000,0000000000,S,L,N, 0013204410,  5000,0000000000,
11/10/2021 13:32:56.6475,  5000,  1616, -1078,  6602, -3245, -1623, -1141,   735,11111001, 0015373430,0236637677,R,L,-, 0000000000,0000043031,S,L,E, 0000000000,0000000000,S,L,N, 0015373430,  5000,0000000000,
11/10/2021 13:33:56.6475,  5000,  1613, -1078,  6603, -3248, -1628, -1146,   729,11111001, 0009132730,0235653847,R,L,-, 0000000000,0000043031,S,L,E, 0000000000,0000000000,S,L,N, 0009132730,  5000,0000000000,
11/10/2021 13:34:56.6478,  5000,  1610, -1078,  6603, -3252, -1633, -1151,   725,11111001, 0013965470,0234775709,R,L,-, 0000000000,0000043031,S,L,E, 0000000000,0000000000,S,L,N, 0013965470,  5000,0000000000,
11/10/2021 13:35:56.6474,  5000,  1607, -1078,  6602, -3256, -1638, -1155,   719,11111001, 0015030950,0233840587,R,L,-, 0000000000,0000043031,S,L,E, 0000000000,0000000000,S,L,N, 0015030950,  5000,0000000000,
11/10/2021 13:36:56.6473,  5000,  1604, -1078,  6603, -3260, -1641, -1160,   714,11111001, 0014802630,0232922557,R,L,-, 0000000000,0000043031,S,L,E, 0000000000,0000000000,S,L,N, 0014802630,  5000,0000000000,
11/10/2021 13:37:56.6474,  5000,  1601, -1078,  6603, -3264, -1646, -1164,   709,11111001, 0005213260,0231928865,R,L,-, 0000000000,0000043031,S,L,E, 0000000000,0000000000,S,L,N, 0005213260,  5000,0000000000,
11/10/2021 13:38:56.6480,  5000,  1598, -1078,  6603, -3267, -1650, -1169,   703,11111001, 0007115920,0230957878,R,L,-, 0000000000,0000043031,S,L,E, 0000000000,0000000000,S,L,N, 0007115920,  5000,0000000000,
11/10/2021 13:39:56.6472,  5000,  1596, -1078,  6602, -3271, -1655, -1173,   698,11111001, 0014003520,0230022660,R,L,-, 0000000000,0000043031,S,L,E, 0000000000,0000000000,S,L,N, 0014003520,  5000,0000000000,
11/10/2021 13:40:56.6477,  5000,  1592, -1078,  6603, -3275, -1659, -1176,   695,11111001, 0008828300,0229087728,R,L,-, 0000000000,0000043031,S,L,E, 0000000000,0000000000,S,L,N, 0008828300,  5000,0000000000,
11/10/2021 13:41:56.6476,  5000,  1590, -1078,  6603, -3279, -1663, -1182,   690,11111001, 0000913270,0228142839,R,L,-, 0000000000,0000043031,S,L,E, 0000000000,0000000000,S,L,N, 0000913270,  5000,0000000000,
11/10/2021 13:42:56.6481,  5000,  1587, -1078,  6603, -3283, -1667, -1187,   685,11111001, 0007876980,0227140712,R,L,-, 0000000000,0000043031,S,L,E, 0000000000,0000000000,S,L,N, 0007876980,  5000,0000000000,
11/10/2021 13:43:56.6475,  5000,  1583, -1078,  6602, -3286, -1672, -1190,   679,11111001, 0009056620,0226185009,R,L,-, 0000000000,0000043031,S,L,E, 0000000000,0000000000,S,L,N, 0009056620,  5000,0000000000,
11/10/2021 13:44:56.6472,  5000,  1581, -1078,  6603, -3290, -1676, -1196,   676,11111001, 0010236270,0225244591,R,L,-, 0000000000,0000043031,S,L,E, 0000000000,0000000000,S,L,N, 0010236270,  5000,0000000000,
11/10/2021 13:45:56.6472,  5000,  1578, -1078,  6603, -3294, -1680, -1200,   670,11111001, 0006316800,0224303539,R,L,-, 0000000000,0000043031,S,L,E, 0000000000,0000000000,S,L,N, 0006316800,  5000,0000000000,
11/10/2021 13:46:56.6473,  5000,  1575, -1078,  6603, -3298, -1684, -1204,   665,11111001, 0002739820,0223438530,R,L,-, 0000000000,0000043031,S,L,E, 0000000000,0000000000,S,L,N, 0002739820,  5000,0000000000,
11/10/2021 13:47:56.6477,  5000,  1572, -1078,  6603, -3301, -1689, -1209,   659,11111001, 0002892030,0222441191,R,L,-, 0000000000,0000043031,S,L,E, 0000000000,0000000000,S,L,N, 0002892030,  5000,0000000000,
11/10/2021 13:48:56.6472,  5000,  1569, -1078,  6602, -3306, -1693, -1213,   655,11111001, 0005669900,0221603548,R,L,-, 0000000000,0000043031,S,L,E, 0000000000,0000000000,S,L,N, 0005669900,  5000,0000000000,
11/10/2021 13:49:56.6472,  5000,  1566, -1078,  6603, -3308, -1696, -1217,   650,11111001, 0008980520,0220697155,R,L,-, 0000000000,0000043031,S,L,E, 0000000000,0000000000,S,L,N, 0008980520,  5000,0000000000,
11/10/2021 13:50:56.6479,  5000,  1564, -1078,  6603, -3312, -1701, -1220,   645,11111001, 0010046000,0219622474,R,L,-, 0000000000,0000043031,S,L,E, 0000000000,0000000000,S,L,N, 0010046000,  5000,0000000000,
11/10/2021 13:51:56.6473,  5000,  1561, -1078,  6602, -3316, -1705, -1226,   641,11111001, 0007001760,0218739421,R,L,-, 0000000000,0000043031,S,L,E, 0000000000,0000000000,S,L,N, 0007001760,  5000,0000000000,
11/10/2021 13:52:56.6475,  5000,  1558, -1078,  6603, -3319, -1708, -1230,   635,11111001, 0007534500,0217688966,R,L,-, 0000000000,0000043031,S,L,E, 0000000000,0000000000,S,L,N, 0007534500,  5000,0000000000,
11/10/2021 13:53:56.6481,  5000,  1555, -1078,  6603, -3323, -1714, -1235,   632,11111001, 0009094680,0216781813,R,L,-, 0000000000,0000043031,S,L,E, 0000000000,0000000000,S,L,N, 0009094680,  5000,0000000000,
11/10/2021 13:54:56.6478,  5000,  1553, -1078,  6602, -3327, -1717, -1238,   627,11111001, 0006583170,0215852589,R,L,-, 0000000000,0000043031,S,L,E, 0000000000,0000000000,S,L,N, 0006583170,  5000,0000000000,
11/10/2021 13:55:56.6482,  5000,  1550, -1078,  6603, -3330, -1721, -1243,   622,11111001, 0009132730,0214902943,R,L,-, 0000000000,0000043031,S,L,E, 0000000000,0000000000,S,L,N, 0009132730,  5000,0000000000,
11/10/2021 13:56:56.6477,  5000,  1548, -1078,  6603, -3334, -1725, -1247,   616,11111001, 0015982280,0214014404,R,L,-, 0000000000,0000043031,S,L,E, 0000000000,0000000000,S,L,N, 0015982280,  5000,0000000000,
11/10/2021 13:57:56.6481,  5000,  1544, -1078,  6603, -3338, -1730, -1251,   612,11111001, 0009284940,0213035457,R,L,-, 0000000000,0000043031,S,L,E, 0000000000,0000000000,S,L,N, 0009284940,  5000,0000000000,
11/10/2021 13:58:56.6480,  5000,  1541, -1078,  6603, -3342, -1734, -1256,   608,11111001, 0008105300,0212138483,R,L,-, 0000000000,0000043031,S,L,E, 0000000000,0000000000,S,L,N, 0008105300,  5000,0000000000,
11/10/2021 13:59:56.6481,  5000,  1538, -1078,  6602, -3345, -1738, -1260,   602,11111001, 0002930080,0211203012,R,L,-, 0000000000,0000043031,S,L,E, 0000000000,0000000000,S,L,N, 0002930080,  5000,0000000000,
11/10/2021 14:00:56.6480,  5000,  1536, -1078,  6602, -3347, -1742, -1264,   599,11111001, 0007610610,0210285141,R,L,-, 0000000000,0000043031,S,L,E, 0000000000,0000000000,S,L,N, 0007610610,  5000,0000000000,
11/10/2021 14:01:56.6473,  5000,  1534, -1078,  6603, -3350, -1744, -1266,   595,11111001, 0016248650,0209353633,R,L,-, 0000000000,0000043031,S,L,E, 0000000000,0000000000,S,L,N, 0016248650,  5000,0000000000,
11/10/2021 14:02:56.6479,  5000,  1531, -1078,  6603, -3353, -1748, -1270,   591,11111001, 0014802630,0208411281,R,L,-, 0000000000,0000043031,S,L,E, 0000000000,0000000000,S,L,N, 0014802630,  5000,0000000000,
11/10/2021 14:03:56.6481,  5000,  1529, -1078,  6602, -3356, -1751, -1274,   586,11111001, 0009132730,0207444829,R,L,-, 0000000000,0000043031,S,L,E, 0000000000,0000000000,S,L,N, 0009132730,  5000,0000000000,
11/10/2021 14:04:56.6480,  5000,  1527, -1078,  6603, -3360, -1755, -1278,   582,11111001, 0004604420,0206463948,R,L,-, 0000000000,0000043031,S,L,E, 0000000000,0000000000,S,L,N, 0004604420,  5000,0000000000,
11/10/2021 14:05:56.6480,  5000,  1525, -1078,  6603, -3362, -1758, -1281,   578,11111001, 0011035380,0205473300,R,L,-, 0000000000,0000043031,S,L,E, 0000000000,0000000000,S,L,N, 0011035380,  5000,0000000000,
11/10/2021 14:06:56.6478,  5000,  1522, -1078,  6602, -3366, -1762, -1285,   574,11111001, 0013014140,0204603597,R,L,-, 0000000000,0000043031,S,L,E, 0000000000,0000000000,S,L,N, 0013014140,  5000,0000000000,
11/10/2021 14:07:56.6479,  5000,  1519, -1078,  6602, -3369, -1766, -1289,   570,11111001, 0010883170,0203629058,R,L,-, 0000000000,0000043031,S,L,E, 0000000000,0000000000,S,L,N, 0010883170,  5000,0000000000,
11/10/2021 14:08:56.6479,  5000,  1517, -1078,  6602, -3372, -1769, -1293,   566,11111001, 0012671660,0202622459,R,L,-, 0000000000,0000043031,S,L,E, 0000000000,0000000000,S,L,N, 0012671660,  5000,0000000000,
11/10/2021 14:09:56.6472,  5000,  1514, -1078,  6602, -3376, -1774, -1296,   560,11111001, 0004566360,0201753645,R,L,-, 0000000000,0000043031,S,L,E, 0000000000,0000000000,S,L,N, 0004566360,  5000,0000000000,
11/10/2021 14:10:56.6476,  5000,  1511, -1078,  6603, -3380, -1777, -1301,   556,11111001, 0003881410,0200825499,R,L,-, 0000000000,0000043031,S,L,E, 0000000000,0000000000,S,L,N, 0003881410,  5000,0000000000,
11/10/2021 14:11:56.6473,  5000,  1508, -1078,  6602, -3384, -1782, -1306,   551,11111001, 0012291130,0199883559,R,L,-, 0000000000,0000043031,S,L,E, 0000000000,0000000000,S,L,N, 0012291130,  5000,0000000000,
11/10/2021 14:12:56.6477,  5000,  1506, -1078,  6603, -3387, -1786, -1309,   547,11111001, 0010160160,0198934230,R,L,-, 0000000000,0000043031,S,L,E, 0000000000,0000000000,S,L,N, 0010160160,  5000,0000000000,
11/10/2021 14:13:56.6479,  5000,  1502, -1078,  6603, -3391, -1791, -1314,   541,11111001, 0008561930,0198009667,R,L,-, 0000000000,0000043031,S,L,E, 0000000000,0000000000,S,L,N, 0008561930,  5000,0000000000,
11/10/2021 14:14:56.6476,  5000,  1500, -1078,  6602, -3395, -1795, -1319,   535,11111001, 0009779630,0197024505,R,L,-, 0000000000,0000043031,S,L,E, 0000000000,0000000000,S,L,N, 0009779630,  5000,0000000000,
11/10/2021 14:15:56.6478,  5000,  1496, -1078,  6602, -3399, -1799, -1324,   530,11111001, 0006849550,0196067439,R,L,-, 0000000000,0000043031,S,L,E, 0000000000,0000000000,S,L,N, 0006849550,  5000,0000000000,
11/10/2021 14:16:56.6477,  5000,  1494, -1078,  6603, -3402, -1803, -1328,   526,11111001, 0007648660,0195098260,R,L,-, 0000000000,0000043031,S,L,E, 0000000000,0000000000,S,L,N, 0007648660,  5000,0000000000,
11/10/2021 14:17:56.6475,  5000,  1491, -1078,  6604, -3406, -1807, -1331,   521,11111001, 0014269890,0194153148,R,L,-, 0000000000,0000043031,S,L,E, 0000000000,0000000000,S,L,N, 0014269890,  5000,0000000000,
11/10/2021 14:18:56.6477,  5000,  1488, -1078,  6603, -3410, -1812, -1337,   516,11111001, 0006155080,0193222593,R,L,-, 0000000000,0000043031,S,L,E, 0000000000,0000000000,S,L,N, 0006155080,  5000,0000000000,
11/10/2021 14:19:56.6477,  5000,  1485, -1078,  6603, -3413, -1816, -1340,   510,11111001, 0006773440,0192205212,R,L,-, 0000000000,0000043031,S,L,E, 0000000000,0000000000,S,L,N, 0006773440,  5000,0000000000,
11/10/2021 14:20:56.6477,  5000,  1482, -1078,  6603, -3417, -1819, -1344,   506,11111001, 0004490260,0191250049,R,L,-, 0000000000,0000043031,S,L,E, 0000000000,0000000000,S,L,N, 0004490260,  5000,0000000000,
11/10/2021 14:21:56.6476,  5000,  1479, -1078,  6603, -3421, -1823, -1349,   501,11111001, 0004185830,0190299991,R,L,-, 0000000000,0000043031,S,L,E, 0000000000,0000000000,S,L,N, 0004185830,  5000,0000000000,
11/10/2021 14:22:56.6475,  5000,  1477, -1078,  6603, -3424, -1827, -1353,   497,11111001, 0006311090,0189414211,R,L,-, 0000000000,0000043031,S,L,E, 0000000000,0000000000,S,L,N, 0006311090,  5000,0000000000,
11/10/2021 14:23:56.6478,  5000,  1474, -1078,  6602, -3428, -1831, -1358,   492,11111001, 0014003520,0188396323,R,L,-, 0000000000,0000043031,S,L,E, 0000000000,0000000000,S,L,N, 0014003520,  5000,0000000000,
11/10/2021 14:24:56.6477,  5000,  1471, -1078,  6603, -3432, -1836, -1362,   487,11111001, 0013546880,0187493990,R,L,-, 0000000000,0000043031,S,L,E, 0000000000,0000000000,S,L,N, 0013546880,  5000,0000000000,
11/10/2021 14:25:56.6475,  5000,  1469, -1078,  6603, -3435, -1840, -1366,   482,11111001, 0006278750,0186562546,R,L,-, 0000000000,0000043031,S,L,E, 0000000000,0000000000,S,L,N, 0006278750,  5000,0000000000,
11/10/2021 14:26:56.6477,  5000,  1466, -1078,  6603, -3439, -1844, -1370,   478,11111001, 0005365480,0185592922,R,L,-, 0000000000,0000043031,S,L,E, 0000000000,0000000000,S,L,N, 0005365480,  5000,0000000000,
11/10/2021 14:27:56.6475,  5000,  1464, -1078,  6603, -3441, -1846, -1373,   474,11111001, 0001826540,0184678888,R,L,-, 0000000000,0000043031,S,L,E, 0000000000,0000000000,S,L,N, 0001826540,  5000,0000000000,
11/10/2021 14:28:56.6480,  5000,  1461, -1078,  6602, -3445, -1850, -1377,   469,11111001, 0016895550,0183691982,R,L,-, 0000000000,0000043031,S,L,E, 0000000000,0000000000,S,L,N, 0016895550,  5000,0000000000,
11/10/2021 14:29:56.6479,  5000,  1458, -1078,  6603, -3448, -1856, -1381,   464,11111001, 0008638040,0182757113,R,L,-, 0000000000,0000043031,S,L,E, 0000000000,0000000000,S,L,N, 0008638040,  5000,0000000000,
11/10/2021 14:30:56.6478,  5000,  1455, -1078,  6603, -3453, -1859, -1386,   459,11111001, 0009779630,0181815205,R,L,-, 0000000000,0000043031,S,L,E, 0000000000,0000000000,S,L,N, 0009779630,  5000,0000000000,
11/10/2021 14:31:56.6474,  5000,  1453, -1078,  6602, -3455, -1862, -1389,   454,11111001, 0008485830,0180837939,R,L,-, 0000000000,0000043031,S,L,E, 0000000000,0000000000,S,L,N, 0008485830,  5000,0000000000,
11/10/2021 14:32:56.6479,  5000,  1449, -1078,  6603, -3459, -1867, -1395,   449,11111001, 0008561930,0179889244,R,L,-, 0000000000,0000043031,S,L,E, 0000000000,0000000000,S,L,N, 0008561930,  5000,0000000000,
11/10/2021 14:33:56.6475,  5000,  1446, -1078,  6603, -3463, -1872, -1399,   444,11111001, 0010921220,0178966426,R,L,-, 0000000000,0000043031,S,L,E, 0000000000,0000000000,S,L,N, 0010921220,  5000,0000000000,
11/10/2021 14:34:56.6473,  5000,  1444, -1078,  6603, -3466, -1876, -1402,   440,11111001, 0009589370,0177997817,R,L,-, 0000000000,0000043031,S,L,E, 0000000000,0000000000,S,L,N, 0009589370,  5000,0000000000,
11/10/2021 14:35:56.6480,  5000,  1441, -1078,  6602, -3470, -1879, -1407,   436,11111001, 0012329190,0177037358,R,L,-, 0000000000,0000043031,S,L,E, 0000000000,0000000000,S,L,N, 0012329190,  5000,0000000000,
11/10/2021 14:36:56.6476,  5000,  1438, -1078,  6603, -3473, -1882, -1410,   432,11111001, 0001674330,0176112224,R,L,-, 0000000000,0000043031,S,L,E, 0000000000,0000000000,S,L,N, 0001674330,  5000,0000000000,
11/10/2021 14:37:56.6474,  5000,  1436, -1078,  6603, -3476, -1887, -1414,   427,11111001, 0007534500,0175131312,R,L,-, 0000000000,0000043031,S,L,E, 0000000000,0000000000,S,L,N, 0007534500,  5000,0000000000,
11/10/2021 14:38:56.6475,  5000,  1433, -1078,  6603, -3479, -1891, -1419,   423,11111001, 0006811490,0174155314,R,L,-, 0000000000,0000043031,S,L,E, 0000000000,0000000000,S,L,N, 0006811490,  5000,0000000000,
11/10/2021 14:39:56.6474,  5000,  1431, -1078,  6603, -3483, -1895, -1423,   418,11111001, 0013775200,0173241660,R,L,-, 0000000000,0000043031,S,L,E, 0000000000,0000000000,S,L,N, 0013775200,  5000,0000000000,
11/10/2021 14:40:56.6478,  5000,  1428, -1078,  6603, -3486, -1898, -1426,   414,11111001, 0003615040,0172317446,R,L,-, 0000000000,0000043031,S,L,E, 0000000000,0000000000,S,L,N, 0003615040,  5000,0000000000,
11/10/2021 14:41:56.6472,  5000,  1426, -1078,  6603, -3489, -1901, -1430,   409,11111001, 0009817680,0171347918,R,L,-, 0000000000,0000043031,S,L,E, 0000000000,0000000000,S,L,N, 0009817680,  5000,0000000000,
11/10/2021 14:42:56.6472,  5000,  1424, -1078,  6602, -3493, -1905, -1435,   405,11111001, 0004756630,0170357809,R,L,-, 0000000000,0000043031,S,L,E, 0000000000,0000000000,S,L,N, 0004756630,  5000,0000000000,
11/10/2021 14:43:56.6474,  5000,  1421, -1078,  6602, -3496, -1909, -1437,   400,11111001, 0013394670,0169412666,R,L,-, 0000000000,0000043031,S,L,E, 0000000000,0000000000,S,L,N, 0013394670,  5000,0000000000,
11/10/2021 14:44:56.6472,  5000,  1418, -1078,  6602, -3498, -1912, -1442,   397,11111001, 0013661040,0168418276,R,L,-, 0000000000,0000043031,S,L,E, 0000000000,0000000000,S,L,N, 0013661040,  5000,0000000000,
11/10/2021 14:45:56.6473,  5000,  1416, -1078,  6602, -3502, -1916, -1445,   392,11111001, 0008523880,0167494570,R,L,-, 0000000000,0000043031,S,L,E, 0000000000,0000000000,S,L,N, 0008523880,  5000,0000000000,
11/10/2021 14:46:56.6475,  5000,  1413, -1078,  6603, -3506, -1920, -1449,   387,11111001, 0008409720,0166529925,R,L,-, 0000000000,0000043031,S,L,E, 0000000000,0000000000,S,L,N, 0008409720,  5000,0000000000,
11/10/2021 14:47:56.6475,  5000,  1411, -1078,  6603, -3509, -1924, -1453,   383,11111001, 0006126540,0165594105,R,L,-, 0000000000,0000043031,S,L,E, 0000000000,0000000000,S,L,N, 0006126540,  5000,0000000000,
11/10/2021 14:48:56.6478,  5000,  1409, -1078,  6603, -3512, -1927, -1457,   380,11111001, 0011644230,0164633487,R,L,-, 0000000000,0000043031,S,L,E, 0000000000,0000000000,S,L,N, 0011644230,  5000,0000000000,
11/10/2021 14:49:56.6472,  5000,  1406, -1078,  6603, -3515, -1931, -1460,   375,11111001, 0003538930,0163687678,R,L,-, 0000000000,0000043031,S,L,E, 0000000000,0000000000,S,L,N, 0003538930,  5000,0000000000,
11/10/2021 14:50:56.6473,  5000,  1404, -1078,  6603, -3519, -1934, -1464,   370,11111001, 0006202640,0162745738,R,L,-, 0000000000,0000043031,S,L,E, 0000000000,0000000000,S,L,N, 0006202640,  5000,0000000000,
11/10/2021 14:51:56.6475,  5000,  1401, -1078,  6602, -3521, -1937, -1468,   366,11111001, 0009056620,0161773197,R,L,-, 0000000000,0000043031,S,L,E, 0000000000,0000000000,S,L,N, 0009056620,  5000,0000000000,
11/10/2021 14:52:56.6472,  5000,  1399, -1078,  6603, -3524, -1941, -1472,   362,11111001, 0007268130,0160795360,R,L,-, 0000000000,0000043031,S,L,E, 0000000000,0000000000,S,L,N, 0007268130,  5000,0000000000,
11/10/2021 14:53:56.6481,  5000,  1396, -1078,  6603, -3527, -1945, -1475,   359,11111001, 0012481400,0159808264,R,L,-, 0000000000,0000043031,S,L,E, 0000000000,0000000000,S,L,N, 0012481400,  5000,0000000000,
11/10/2021 14:54:56.6477,  5000,  1394, -1078,  6604, -3531, -1948, -1478,   355,11111001, 0005061050,0158900794,R,L,-, 0000000000,0000043031,S,L,E, 0000000000,0000000000,S,L,N, 0005061050,  5000,0000000000,
11/10/2021 14:55:56.6480,  5000,  1392, -1078,  6602, -3534, -1951, -1482,   351,11111001, 0011720340,0157963864,R,L,-, 0000000000,0000043031,S,L,E, 0000000000,0000000000,S,L,N, 0011720340,  5000,0000000000,
11/10/2021 14:56:56.6474,  5000,  1390, -1078,  6603, -3537, -1955, -1485,   347,11111001, 0010350430,0156986344,R,L,-, 0000000000,0000043031,S,L,E, 0000000000,0000000000,S,L,N, 0010350430,  5000,0000000000,
11/10/2021 14:57:56.6474,  5000,  1387, -1078,  6602, -3540, -1958, -1489,   342,11111001, 0008447770,0156042470,R,L,-, 0000000000,0000043031,S,L,E, 0000000000,0000000000,S,L,N, 0008447770,  5000,0000000000,
11/10/2021 14:58:56.6473,  5000,  1385, -1078,  6602, -3542, -1960, -1492,   339,11111001, 0012633610,0155071831,R,L,-, 0000000000,0000043031,S,L,E, 0000000000,0000000000,S,L,N, 0012633610,  5000,0000000000,
11/10/2021 14:59:56.6478,  5000,  1383, -1078,  6603, -3546, -1965, -1495,   335,11111001, 0015297320,0154120315,R,L,-, 0000000000,0000043031,S,L,E, 0000000000,0000000000,S,L,N, 0015297320,  5000,0000000000,
11/10/2021 15:00:56.6472,  5000,  1380, -1078,  6602, -3549, -1969, -1501,   330,11111001, 0007991140,0153186366,R,L,-, 0000000000,0000043031,S,L,E, 0000000000,0000000000,S,L,N, 0007991140,  5000,0000000000,
11/10/2021 15:01:56.6479,  5000,  1377, -1078,  6603, -3552, -1973, -1505,   326,11111001, 0014802630,0152180940,R,L,-, 0000000000,0000043031,S,L,E, 0000000000,0000000000,S,L,N, 0014802630,  5000,0000000000,
11/10/2021 15:02:56.6479,  5000,  1375, -1078,  6603, -3556, -1976, -1509,   321,11111001, 0015906170,0151246896,R,L,-, 0000000000,0000043031,S,L,E, 0000000000,0000000000,S,L,N, 0015906170,  5000,0000000000,
11/10/2021 15:03:56.6472,  5000,  1372, -1078,  6603, -3560, -1980, -1512,   317,11111001, 0010426530,0150245657,R,L,-, 0000000000,0000043031,S,L,E, 0000000000,0000000000,S,L,N, 0010426530,  5000,0000000000,
11/10/2021 15:04:56.6474,  5000,  1369, -1078,  6602, -3563, -1985, -1517,   312,11111001, 0006278750,0149377667,R,L,-, 0000000000,0000043031,S,L,E, 0000000000,0000000000,S,L,N, 0006278750,  5000,0000000000,
11/10/2021 15:05:56.6473,  5000,  1367, -1078,  6602, -3566, -1987, -1520,   308,11111001, 0004870790,0148375793,R,L,-, 0000000000,0000043031,S,L,E, 0000000000,0000000000,S,L,N, 0004870790,  5000,0000000000,
11/10/2021 15:06:56.6477,  5000,  1365, -1078,  6604, -3570, -1992, -1525,   304,11111001, 0007115920,0147434012,R,L,-, 0000000000,0000043031,S,L,E, 0000000000,0000000000,S,L,N, 0007115920,  5000,0000000000,
11/10/2021 15:07:56.6478,  5000,  1362, -1078,  6603, -3574, -1997, -1529,   298,11111001, 0013128300,0146456555,R,L,-, 0000000000,0000043031,S,L,E, 0000000000,0000000000,S,L,N, 0013128300,  5000,0000000000,
11/10/2021 15:08:56.6476,  5000,  1359, -1078,  6603, -3576, -2000, -1532,   294,11111001, 0010084060,0145485663,R,L,-, 0000000000,0000043031,S,L,E, 0000000000,0000000000,S,L,N, 0010084060,  5000,0000000000,
11/10/2021 15:09:56.6476,  5000,  1357, -1078,  6603, -3580, -2003, -1537,   290,11111001, 0013622990,0144547719,R,L,-, 0000000000,0000043031,S,L,E, 0000000000,0000000000,S,L,N, 0013622990,  5000,0000000000,
11/10/2021 15:10:56.6477,  5003,  1354, -1078,  6603, -3584, -2007, -1540,   286,11111001, 0011187590,0143519905,R,L,-, 0000000000,0000043031,S,L,E, 0000000000,0000000000,S,L,N, 0011187590,  5003,0000000000,
11/10/2021 15:11:56.6477,  5000,  1351, -1078,  6603, -3586, -2011, -1544,   281,11111001, 0013546880,0142597404,R,L,-, 0000000000,0000043031,S,L,E, 0000000000,0000000000,S,L,N, 0013546880,  5000,0000000000,
11/10/2021 15:12:56.6473,  5000,  1349, -1078,  6604, -3590, -2014, -1548,   277,11111001, 0005936270,0141680167,R,L,-, 0000000000,0000043031,S,L,E, 0000000000,0000000000,S,L,N, 0005936270,  5000,0000000000,
11/10/2021 15:13:56.6476,  5000,  1347, -1078,  6603, -3594, -2019, -1553,   272,11111001, 0017922990,0140703091,R,L,-, 0000000000,0000043031,S,L,E, 0000000000,0000000000,S,L,N, 0017922990,  5000,0000000000,
11/10/2021 15:14:56.6472,  5000,  1344, -1078,  6603, -3597, -2022, -1556,   268,11111001, 0006925650,0139758551,R,L,-, 0000000000,0000043031,S,L,E, 0000000000,0000000000,S,L,N, 0006925650,  5000,0000000000,
11/10/2021 15:15:56.6473,  5000,  1341, -1078,  6604, -3600, -2026, -1560,   263,11111001, 0016096440,0138786517,R,L,-, 0000000000,0000043031,S,L,E, 0000000000,0000000000,S,L,N, 0016096440,  5000,0000000000,
11/10/2021 15:16:56.6476,  5000,  1338, -1078,  6603, -3603, -2030, -1565,   259,11111001, 0008029190,0137830973,R,L,-, 0000000000,0000043031,S,L,E, 0000000000,0000000000,S,L,N, 0008029190,  5000,0000000000,
11/10/2021 15:17:56.6475,  5000,  1336, -1078,  6603, -3607, -2034, -1568,   255,11111001, 0007953080,0136884245,R,L,-, 0000000000,0000043031,S,L,E, 0000000000,0000000000,S,L,N, 0007953080,  5000,0000000000,
11/10/2021 15:18:56.6475,  5000,  1334, -1078,  6604, -3611, -2037, -1572,   250,11111001, 0007496450,0135969830,R,L,-, 0000000000,0000043031,S,L,E, 0000000000,0000000000,S,L,N, 0007496450,  5000,0000000000,
11/10/2021 15:19:56.6477,  5000,  1331, -1078,  6603, -3614, -2041, -1575,   246,11111001, 0016400860,0134999318,R,L,-, 0000000000,0000043031,S,L,E, 0000000000,0000000000,S,L,N, 0016400860,  5000,0000000000,
11/10/2021 15:20:56.6477,  5000,  1329, -1078,  6603, -3616, -2044, -1579,   242,11111001, 0013014140,0133978703,R,L,-, 0000000000,0000043031,S,L,E, 0000000000,0000000000,S,L,N, 0013014140,  5000,0000000000,
11/10/2021 15:21:56.6475,  5000,  1326, -1078,  6604, -3620, -2048, -1583,   238,11111001, 0006849550,0133010221,R,L,-, 0000000000,0000043031,S,L,E, 0000000000,0000000000,S,L,N, 0006849550,  5000,0000000000,
11/10/2021 15:22:56.6475,  5000,  1324, -1078,  6603, -3623, -2051, -1587,   234,11111001, 0017580510,0132067837,R,L,-, 0000000000,0000043031,S,L,E, 0000000000,0000000000,S,L,N, 0017580510,  5000,0000000000,
11/10/2021 15:23:56.6476,  5000,  1322, -1078,  6603, -3626, -2055, -1590,   231,11111001, 0009284940,0131092949,R,L,-, 0000000000,0000043031,S,L,E, 0000000000,0000000000,S,L,N, 0009284940,  5000,0000000000,
11/10/2021 15:24:56.6473,  5000,  1320, -1078,  6603, -3629, -2058, -1593,   226,11111001, 0010632020,0130149995,R,L,-, 0000000000,0000043031,S,L,E, 0000000000,0000000000,S,L,N, 0010632020,  5000,0000000000,
11/10/2021 15:25:56.6478,  5000,  1317, -1078,  6604, -3632, -2061, -1597,   222,11111001, 0009817680,0129217409,R,L,-, 0000000000,0000043031,S,L,E, 0000000000,0000000000,S,L,N, 0009817680,  5000,0000000000,
11/10/2021 15:26:56.6473,  5000,  1315, -1078,  6604, -3634, -2064, -1600,   219,11111001, 0002853970,0128223971,R,L,-, 0000000000,0000043031,S,L,E, 0000000000,0000000000,S,L,N, 0002853970,  5000,0000000000,
11/10/2021 15:27:56.6474,  5000,  1313, -1078,  6604, -3637, -2068, -1603,   215,11111001, 0011568120,0127265921,R,L,-, 0000000000,0000043031,S,L,E, 0000000000,0000000000,S,L,N, 0011568120,  5000,0000000000,
11/10/2021 15:28:56.6473,  5000,  1310, -1078,  6604, -3639, -2071, -1606,   211,11111001, 0009018570,0126340027,R,L,-, 0000000000,0000043031,S,L,E, 0000000000,0000000000,S,L,N, 0009018570,  5000,0000000000,
11/10/2021 15:29:56.6473,  5000,  1308, -1078,  6604, -3644, -2074, -1610,   206,11111001, 0006126540,0125333999,R,L,-, 0000000000,0000043031,S,L,E, 0000000000,0000000000,S,L,N, 0006126540,  5000,0000000000,
11/10/2021 15:30:56.6474,  5000,  1306, -1078,  6603, -3646, -2077, -1614,   203,11111001, 0004604420,0124368308,R,L,-, 0000000000,0000043031,S,L,E, 0000000000,0000000000,S,L,N, 0004604420,  5000,0000000000,
11/10/2021 15:31:56.6473,  5000,  1304, -1078,  6604, -3650, -2081, -1617,   199,11111001, 0010692900,0123390249,R,L,-, 0000000000,0000043031,S,L,E, 0000000000,0000000000,S,L,N, 0010692900,  5000,0000000000,
11/10/2021 15:32:56.6473,  5000,  1301, -1078,  6604, -3652, -2084, -1620,   196,11111001, 0013546880,0122474724,R,L,-, 0000000000,0000043031,S,L,E, 0000000000,0000000000,S,L,N, 0013546880,  5000,0000000000,
11/10/2021 15:33:56.6475,  5000,  1299, -1078,  6604, -3654, -2087, -1624,   192,11111001, 0007762820,0121489752,R,L,-, 0000000000,0000043031,S,L,E, 0000000000,0000000000,S,L,N, 0007762820,  5000,0000000000,
11/10/2021 15:34:56.6472,  5000,  1297, -1078,  6604, -3657, -2091, -1627,   188,11111001, 0011644230,0120536840,R,L,-, 0000000000,0000043031,S,L,E, 0000000000,0000000000,S,L,N, 0011644230,  5000,0000000000,
11/10/2021 15:35:56.6473,  5000,  1295, -1078,  6603, -3660, -2093, -1630,   184,11111001, 0007039810,0119541848,R,L,-, 0000000000,0000043031,S,L,E, 0000000000,0000000000,S,L,N, 0007039810,  5000,0000000000,
11/10/2021 15:36:56.6475,  5000,  1293, -1078,  6604, -3663, -2096, -1633,   180,11111001, 0005441580,0118579962,R,L,-, 0000000000,0000043031,S,L,E, 0000000000,0000000000,S,L,N, 0005441580,  5000,0000000000,
11/10/2021 15:37:56.6476,  5000,  1291, -1078,  6604, -3665, -2099, -1636,   178,11111001, 0010289540,0117649691,R,L,-, 0000000000,0000043031,S,L,E, 0000000000,0000000000,S,L,N, 0010289540,  5000,0000000000,
11/10/2021 15:38:56.6472,  5000,  1289, -1078,  6603, -3668, -2102, -1640,   174,11111001, 0008870160,0116679941,R,L,-, 0000000000,0000043031,S,L,E, 0000000000,0000000000,S,L,N, 0008870160,  5000,0000000000,
11/10/2021 15:39:56.6473,  5000,  1287, -1078,  6604, -3670, -2105, -1643,   171,11111001, 0009182200,0115730485,R,L,-, 0000000000,0000043031,S,L,E, 0000000000,0000000000,S,L,N, 0009182200,  5000,0000000000,
11/10/2021 15:40:56.6481,  5000,  1285, -1078,  6604, -3673, -2107, -1645,   167,11111001, 0009834810,0114742184,R,L,-, 0000000000,0000043031,S,L,E, 0000000000,0000000000,S,L,N, 0009834810,  5000,0000000000,
11/10/2021 15:41:56.6472,  5000,  1283, -1078,  6605, -3676, -2111, -1648,   164,11111001, 0010007950,0113784801,R,L,-, 0000000000,0000043031,S,L,E, 0000000000,0000000000,S,L,N, 0010007950,  5000,0000000000,
11/10/2021 15:42:56.6475,  5000,  1282, -1078,  6604, -3678, -2113, -1652,   160,11111001, 0012291130,0112856401,R,L,-, 0000000000,0000043031,S,L,E, 0000000000,0000000000,S,L,N, 0012291130,  5000,0000000000,
11/10/2021 15:43:56.6472,  5000,  1280, -1078,  6604, -3681, -2117, -1654,   158,11111001, 0009513260,0111876186,R,L,-, 0000000000,0000043031,S,L,E, 0000000000,0000000000,S,L,N, 0009513260,  5000,0000000000,
11/10/2021 15:44:56.6481,  5000,  1277, -1078,  6604, -3684, -2119, -1658,   153,11111001, 0012861930,0110925652,R,L,-, 0000000000,0000043031,S,L,E, 0000000000,0000000000,S,L,N, 0012861930,  5000,0000000000,
11/10/2021 15:45:56.6481,  5000,  1275, -1078,  6604, -3686, -2122, -1661,   150,11111001, 0014688480,0109925745,R,L,-, 0000000000,0000043031,S,L,E, 0000000000,0000000000,S,L,N, 0014688480,  5000,0000000000,
11/10/2021 15:46:56.6481,  5000,  1273, -1078,  6604, -3688, -2124, -1662,   148,11111001, 0013014140,0108959482,R,L,-, 0000000000,0000043031,S,L,E, 0000000000,0000000000,S,L,N, 0013014140,  5000,0000000000,
11/10/2021 15:47:56.6480,  5000,  1273, -1078,  6604, -3690, -2127, -1666,   145,11111001, 0011149540,0108000069,R,L,-, 0000000000,0000043031,S,L,E, 0000000000,0000000000,S,L,N, 0011149540,  5000,0000000000,
11/10/2021 15:48:56.6477,  5000,  1270, -1078,  6604, -3693, -2129, -1669,   141,11111001, 0007192020,0107055783,R,L,-, 0000000000,0000043031,S,L,E, 0000000000,0000000000,S,L,N, 0007192020,  5000,0000000000,
