Time Stamp,time,P up,P down,T,Water in,Water out,Gas in,Gas out,Meter measure
44:00.7,0,1335.264875,1191.125132,7.009809,0,0,0,0,0
44:10.7,0.166650005,1335.297807,1191.102706,6.997661,0,0,0,0,0
44:20.7,0.333333338,1335.072741,1171.472282,6.996235,0,0,0,0.03977277,0.26214
44:30.7,0.500000002,1268.833656,883.968473,6.964428,0,0,0,0.04513808,0
44:40.6,0.666649996,1154.06748,998.471559,6.917663,0,0,0,0.04513808,0
44:50.7,0.833333329,1150.370978,1001.515406,6.907416,0,0,0,0.04513808,0
45:00.7,1.000033332,1150.358673,1002.181435,6.863023,0,0,0,0.04513808,0
45:10.7,1.166683336,1150.401926,1003.069622,6.830469,0,0,0,0.04513808,0
45:20.7,1.333333331,1150.431607,1003.829388,6.840742,0,0,0,0.04513808,0
45:30.7,1.500000005,1150.445702,1003.611565,6.785664,0,0,0,0.04513808,0
45:40.7,1.666666669,1150.528032,1003.670169,6.744519,0,0,0,0.04513808,0
45:50.7,1.833333332,1150.589481,1003.115669,6.767613,0,0,0,0.04513808,0
46:00.7,1.999999996,1150.624233,1003.318692,6.772275,0,0,0,0.04513808,0
46:10.7,2.16666667,1150.627663,1003.336034,6.785853,0,0,0,0.04513808,0
46:20.7,2.333333334,1150.619087,1002.990088,6.81774,0,0,0,0.04513808,0
46:30.7,2.500016667,1150.704549,1002.606916,6.791737,0,0,0,0.04513808,0
46:40.7,2.666666661,1150.719017,1002.975586,6.797206,0,0,0,0.04513808,0
46:50.7,2.833349995,1150.750189,1002.529325,6.827321,0,0,0,0.04513808,0
47:00.7,2.999999999,1150.764656,1003.229888,6.796533,0,0,0,0.04513808,0
47:10.7,3.166666663,1150.843556,1003.738193,6.765734,0,0,0,0.04513808,0
47:20.7,3.333349996,1150.942665,1004.474636,6.781289,0,0,0,0.04513808,0
47:30.7,3.500000001,1150.976597,1004.68633,6.762404,0,0,0,0.04513808,0
47:40.7,3.666666665,1151.003742,1004.711446,6.734981,0,0,0,0.04513808,0
47:50.7,3.833333328,1151.104119,1004.445483,6.761358,0,0,0,0.04513808,0
48:00.7,4.000016662,1151.088011,1004.298823,6.734243,0,0,0,0.04513808,0
48:10.7,4.166666666,1151.12664,1004.465218,6.713811,0,0,0,0.04513808,0
48:20.7,4.33335,1151.14066,1004.362361,6.748181,0,0,0,0.04513808,0
48:30.7,4.500016663,1151.206211,1004.733423,6.731555,0,0,0,0.04513808,0
48:40.7,4.666683337,1151.219784,1004.74329,6.704653,0,0,0,0.04513808,0
48:50.7,4.833350001,1151.291673,1004.831645,6.764402,0,0,0,0.04513808,0
49:00.7,5.000016665,1151.320161,1004.637144,6.763903,0,0,0,0.04513808,0
49:10.7,5.166683329,1151.256325,1004.708157,6.736004,0,0,0,0.04513808,0
49:20.7,5.333350003,1151.309497,1004.499005,6.769135,0,0,0,0.04513808,0
49:30.7,5.500016666,1151.353346,1004.224969,6.761834,0,0,0,0.04513808,0
49:40.7,5.66668333,1151.367515,1004.285517,6.733292,0,0,0,0.04513808,0
49:50.7,5.833350004,1151.474753,1004.171298,6.756006,0,0,0,0.04513808,0
50:00.7,6.000016668,1151.462971,1003.728176,6.789399,0,0,0,0.04928906,0
50:10.7,6.166683332,1142.520385,978.307713,6.800053,0,0,0,0.05197419,0
50:20.7,6.333366665,1131.109165,982.445911,6.834987,0,0,0,0.0604664,0
50:30.7,6.50001667,1131.014978,982.882455,6.833418,0,0,0,0.0604664,0
50:40.7,6.666700003,1131.042346,982.809947,6.786307,0,0,0,0.0604664,0
50:50.7,6.833349997,1131.043912,983.120012,6.793822,0,0,0,0.0604664,0
51:00.7,7.00005,1131.182248,983.487038,6.800743,0,0,0,0.0604664,0
51:10.7,7.166700005,1131.168825,983.387022,6.762856,0,0.2,0,0.0604664,0
51:20.7,7.333349999,1131.295377,983.226158,6.769897,0,0,0,0.0604664,0
51:30.7,7.500016663,1131.312007,983.551623,6.742164,0,0,0,0.0604664,0
51:40.7,7.666699996,1131.38166,983.77139,6.707484,0,0,0,0.0604664,0
51:50.7,7.83336667,1131.370623,983.658367,6.730128,0,0,0,0.0604664,0
52:00.7,8.000033334,1131.387029,983.649696,6.732055,0,0,0,0.0604664,0
52:10.7,8.166683338,1131.416486,983.550726,6.714049,0,0,0,0.0604664,0
52:20.7,8.333366672,1131.418872,983.860044,6.742901,0,0,0,0.0604664,0
52:30.7,8.500050005,1131.41753,983.949446,6.750037,0,0,0,0.0604664,0
52:40.7,8.666699999,1131.45616,983.757935,6.728369,0,0,0,0.0604664,0
52:50.7,8.833383332,1131.446017,983.704862,6.771894,0,0,0,0.0604664,0
53:00.7,9.000033337,1131.462498,983.799646,6.782454,0,0,0,0.0604664,0
53:10.7,9.166700001,1131.499935,983.636689,6.75496,0,0,0,0.0604664,0
53:20.7,9.333366664,1131.509257,983.600958,6.804215,0,0,0,0.0604664,0
53:30.7,9.500049998,1131.63126,982.484333,6.813585,0,0,0,0.06438365,0
53:40.7,9.666716661,1126.865138,942.332904,6.832467,0,0.3,0,0.06752867,0
53:50.7,9.833366666,1098.803177,943.161739,6.875626,0,1,0,0.07453667,0
54:00.7,10.00003333,1096.177339,945.527748,6.871869,0,0.5,0,0.07910402,0
54:10.7,10.16671666,1096.271079,945.897465,6.837984,0,0,0,0.07910402,0
54:20.7,10.33338334,1096.261384,945.82092,6.888156,0,0,0,0.07910402,0
54:30.7,10.50005,1096.272197,945.976252,6.92917,0,0,0,0.07910402,0
54:40.7,10.6667,1096.31903,946.033361,7.042974,0,0,0,0.07910402,0
54:50.7,10.83338333,1096.404716,946.164175,7.111911,0,0,0,0.07910402,0
55:00.7,11.00005,1096.388235,945.966086,7.119872,0,0,0,0.07910402,0
55:10.7,11.16671667,1096.442823,946.117979,7.148176,0,0,0,0.07910402,0
55:20.7,11.33335,1096.628588,946.762778,7.192706,0,0,0,0.07910402,0
55:30.7,11.50005,1096.684594,946.64243,7.213996,0,0,0,0.07910402,0
55:40.7,11.66671667,1096.720315,946.162531,7.212166,0,0,0,0.07910402,0
55:50.7,11.83338333,1096.805106,947.065519,7.231765,0,0,0,0.07910402,0
56:00.7,12.00005,1096.826732,947.434937,7.293207,0,0,0,0.07910402,0
56:10.7,12.16671667,1096.898398,947.416847,7.320977,0,0,0,0.07910402,0
56:20.7,12.33338333,1096.939862,948.975249,7.353305,0,0.4,0,0.07910402,0
56:30.7,12.50005,1096.911971,949.924284,7.409714,0,1,0,0.07910402,0
56:40.7,12.66671667,1096.956641,949.339285,7.475838,0,1,0,0.07910402,0
56:50.7,12.8334,1097.064326,948.788821,7.493292,0,1,0,0.07910402,0
57:00.7,13.00005,1097.070292,948.362742,7.506541,0,1,0,0.07910402,0
57:10.7,13.16671666,1097.117871,948.325815,7.537235,0,1,0,0.07910402,0
57:20.7,13.3334,1097.135246,948.236563,7.605705,0,1,0,0.07910402,0
57:30.7,13.50006667,1097.155083,947.978374,7.611593,0,1,0,0.07910402,0
57:40.7,13.66673333,1097.196919,948.728721,7.641052,0,1,0,0.07910402,0
57:50.7,13.83338334,1097.215712,948.879419,7.677805,0,1,0,0.07910402,0
58:00.7,14.00006667,1097.223319,947.438226,7.739339,0,1,0,0.09221558,0
58:10.7,14.16671667,1060.762942,793.837845,7.738224,0,1,0,0.09524506,0
58:20.7,14.3334,1004.370477,851.170119,7.747242,0,1,0,0.1153102,0
58:30.7,14.50006666,1002.430872,853.284815,7.758633,0,1,0,0.1153102,0
58:40.7,14.66673334,1002.467041,853.539864,7.792683,0,1,0,0.1153102,0
58:50.7,14.8334,1002.464729,853.63704,7.656677,0,1,0,0.1153102,0
59:00.7,15.00005001,1002.40932,855.404146,7.458811,0,1,0,0.1153102,0
59:10.7,15.16673334,1002.375016,856.067484,7.305805,0,1,0,0.1153102,0
59:20.7,15.3334,1002.317221,855.929644,7.162611,0,1,0,0.1153102,0
59:30.7,15.50006667,1002.314313,856.368281,7.059374,0,1,0,0.1153102,0
59:40.7,15.66673333,1002.267555,856.362151,6.971399,0,1,0,0.1153102,0
59:50.7,15.8334,1002.208641,856.341669,6.854231,0,1,0,0.1153102,0
00:00.7,16.00008334,1002.178736,856.297865,6.764932,0,1,0,0.1153102,0
00:10.7,16.16673333,1002.14667,856.33838,6.697428,0,1,0,0.1153102,0
00:20.7,16.33339999,1002.057553,856.509111,6.681729,0,1,0,0.1153102,0
00:30.7,16.50006667,1002.042489,856.450955,6.722523,0,1,0,0.1153102,0
00:40.7,16.66675,1002.03093,856.366636,6.777157,0,1,0,0.1153102,0
00:50.7,16.83341667,1002.089173,856.682682,6.798728,0,1,0,0.1153102,0
01:00.7,17.00006667,1001.998416,856.682084,6.840915,0,1,0,0.1153102,0
01:10.7,17.16673333,1002.055763,856.677449,6.886713,0,1,0,0.1153102,0
01:20.7,17.33341667,1002.025561,856.615855,6.88997,0,1,0,0.1153102,0
01:30.7,17.50008333,1002.094915,856.576984,6.897555,0,1,0,0.1153102,0
01:40.7,17.66674999,1002.211176,856.477417,6.902072,0,1,0,0.1153102,0
01:50.7,17.8334,1002.23064,854.640942,6.849238,0,0.9,0,0.1153102,0
02:00.7,18.00008333,1002.223034,852.540597,6.864076,0,1,0,0.1153102,0
02:10.7,18.16673334,1002.175754,851.569586,6.88267,0,1,0,0.1153102,0
02:20.7,18.33341667,1002.25704,851.020468,6.898887,0,1,0,0.1153102,0
02:30.7,18.5001,1002.294923,851.992376,6.924303,0,1,0,0.1153347,0.1693278
02:40.7,18.66675,1000.808656,815.995739,6.908896,0,1,0,0.1255268,0
02:50.7,18.83341666,965.327664,801.206467,6.880578,0,1,0,0.1348008,0.26214
03:00.7,19.00006667,957.566337,816.97587,6.88978,0,1,0,0.1417791,0
03:10.7,19.16676667,957.735323,822.221275,6.88726,0,1,0,0.1417791,0
03:20.7,19.33343333,957.714815,838.501523,6.864266,0,1,0,0.1417791,0
03:30.7,19.50008334,957.782901,807.350375,6.884097,0,1,0,0.1417791,0
03:40.7,19.66675,957.811687,813.185712,6.903666,0,1,0,0.1417791,0
03:50.7,19.83341667,957.852106,818.474472,6.870282,0,1,0,0.1417791,0
04:00.7,20.0001,957.869706,821.824946,6.879247,0,1,0,0.1417791,0
04:10.7,20.16676666,957.897447,828.50377,6.88443,0,1,0,0.1417791,0
04:20.7,20.33343334,957.893942,833.094657,6.853161,0,1,0,0.1417791,0
04:30.7,20.5001,957.904457,834.221599,6.860224,0,1,0,0.1417791,0
04:40.7,20.66675,957.993648,837.360529,6.828446,0,1,0,0.1417791,0
04:50.7,20.83343334,958.016393,839.548182,6.788398,0,1,0,0.1417791,0
05:00.7,21.00008333,958.044657,843.572609,6.852699,0,1,0,0.1417791,0
05:10.7,21.16676667,958.044881,846.627221,6.832071,0,1,0,0.1417791,0
05:20.7,21.33343333,958.18523,847.310891,6.803785,0,1,0,0.1417791,0
05:30.7,21.50008333,958.241459,847.752518,6.816437,0,1,0,0.1417791,0
05:40.7,21.66676667,958.279417,848.013696,6.832417,0,1,0,0.1417791,0
05:50.7,21.83343333,958.36048,848.72921,6.82048,0,1,0,0.1417791,0
06:00.7,22.0001,958.366893,848.793944,6.829516,0,1,0,0.1417791,0
06:10.7,22.16676667,958.389414,848.633978,6.860525,0,1,0,0.1417791,0
06:20.7,22.33341666,958.4226,848.680323,6.845948,0,1,0,0.1417791,0
06:30.7,22.50011667,958.419095,848.946286,6.859502,0,1,0,0.1417791,0
06:40.7,22.66676667,958.427522,849.162016,6.874673,0,1,0,0.1417791,0
06:50.7,22.83343333,958.465779,849.151252,6.86509,0,1,0,0.1417791,0
07:00.7,23.0001,958.453026,849.192515,6.865471,0,1,0,0.1417791,0
07:10.7,23.16676666,958.48308,848.96901,6.877734,0,1,0,0.1417791,0
07:20.7,23.33344999,958.585172,848.95092,6.820004,0,1,0,0.1417791,0
07:30.7,23.5001,958.665041,849.056319,6.830182,0,1,0,0.1417791,0
07:40.7,23.66678333,958.653631,849.19685,6.85408,0,1,0,0.1417791,0
07:50.7,23.83343334,958.645876,849.282514,6.810871,0,1,0,0.1417791,0
08:00.7,24.00011667,958.690322,817.292962,6.81558,0,1,0,0.1422761,0.1411766
08:10.7,24.16678333,957.773281,787.145566,6.842167,0,1,0,0.1525338,0.01029204
08:20.7,24.33346667,929.931165,740.824516,6.857385,0,1,0,0.1526466,0
08:30.7,24.50011666,908.122787,755.054353,6.861119,0,1,0,0.1526466,0
08:40.7,24.66676667,906.941156,756.657606,6.892815,0,1.7,0,0.1562026,0
08:50.7,24.83345,906.938396,756.139135,6.868181,0,1.5,0,0.1622031,0
09:00.7,25.00011666,906.952044,757.853019,6.871153,0,1,0,0.1712455,0
09:10.7,25.16678334,906.963975,758.597087,6.894669,0,1,0,0.1712455,0
09:20.7,25.33345,907.009913,759.311703,6.897475,0,1,0,0.1712455,0
09:30.7,25.50008334,906.983887,759.814028,6.976335,0,1,0,0.1712455,0
09:40.7,25.66681667,907.048394,760.201834,7.048243,0,1,0,0.1712455,0
09:50.7,25.83346666,907.047051,759.842433,7.058819,0,1,0,0.1712455,0
10:00.7,26.00011667,906.988734,760.286452,7.043322,0,1,0,0.1712455,0
10:10.7,26.16678333,907.079789,761.062215,7.014798,0,1,0,0.1712455,0
10:20.7,26.33345,907.058088,761.407114,6.932615,0,1,0,0.1712455,0
10:30.7,26.50011667,907.103206,761.487546,6.915141,0,1,0,0.1712455,0
10:40.7,26.6668,907.213352,761.210221,6.904251,0,1,0,0.1712455,0
10:50.7,26.83348333,907.249894,761.236384,6.855626,0,1,0,0.1712455,0
11:00.7,27.00011667,907.315966,761.314722,6.855745,0,1,0,0.1712455,0
11:10.7,27.16678333,907.325885,761.275254,6.88076,0,1,0,0.1712455,0
11:20.7,27.33346667,907.342739,761.295885,6.856743,0,1,0,0.1712455,0
11:30.7,27.50013333,907.369511,761.404274,6.854104,0,1,0,0.1712455,0
11:40.7,27.6668,907.456465,761.627479,6.879404,0,1,0,0.1712455,0
11:50.7,27.83346667,907.423428,761.861,6.869251,0,1,0,0.1712455,0
12:00.7,28.00011666,907.433943,761.747828,6.891863,0,1,0,0.1712455,0
12:10.7,28.1668,907.476525,761.707164,6.901632,0,1,0,0.1712455,0
12:20.7,28.33346667,907.565119,761.689522,6.817228,0,1,0,0.1712455,0
12:30.7,28.50013333,907.519629,761.557961,6.835588,0,1,0,0.1712455,0
12:40.7,28.6668,907.564001,761.691316,6.877475,0,1,0,0.1712455,0
12:50.7,28.83345,907.579065,761.788343,6.784742,0,1,0,0.1712455,0
13:00.7,29.00013334,907.58421,761.92409,6.798703,0,1,0,0.1712455,0
13:10.7,29.16681667,907.651327,761.728841,6.859198,0,1,0,0.1712455,0
13:20.7,29.33346666,907.686601,761.661267,6.77725,0,1,0,0.1712455,0
13:30.7,29.50015,907.707929,761.437314,6.764193,0,1,0,0.1712455,0
13:40.7,29.66681667,907.760057,761.354041,6.798227,0,1,0,0.1712455,0
13:50.7,29.83348333,907.770646,761.650652,6.774206,0,1,0,0.1712455,0
14:00.7,30.00015,907.77169,761.501599,6.799297,0,1,0,0.1712455,0
14:10.7,30.1668,907.823221,761.511317,6.812163,0,1,0,0.1712455,0
14:20.7,30.33348334,907.828367,761.546001,6.774278,0,1,0,0.1712455,0
14:30.7,30.50016667,907.805025,761.465719,6.786573,0,1,0,0.1712455,0
14:40.7,30.66683333,907.774301,761.828858,6.82919,0,1,0,0.1712455,0
14:50.7,30.83348334,907.870501,761.42625,6.811806,0,1,0,0.1712455,0
15:00.7,31.00013333,907.795256,761.616865,6.816015,0,1,0,0.1712455,0
15:10.7,31.16681666,907.845295,761.922894,6.839392,0,1,0,0.1712455,0
15:20.7,31.33348333,907.920914,761.803293,6.780675,0,1,0,0.1712455,0
15:30.7,31.50015,907.887281,761.619107,6.808595,0,1,0,0.1712455,0
15:40.7,31.66681667,907.918304,761.950253,6.83152,0,1,0,0.1712455,0
15:50.7,31.83348333,907.950818,761.708808,6.794398,0,1,0,0.1712455,0
16:00.7,32.00015,907.974234,761.756947,6.820629,0,1,0,0.1712455,0
16:10.7,32.16681667,907.973116,761.762928,6.846074,0,1,0,0.1712455,0
16:20.7,32.33348333,908.00302,761.645419,6.813376,0,1,0,0.1712455,0
16:30.7,32.50016666,908.041948,761.872064,6.828904,0,1,0,0.1712455,0
16:40.7,32.66681667,908.04247,761.754406,6.845622,0,1,0,0.1712455,0
16:50.7,32.83348333,908.0591,761.895087,6.825932,0,1,0,0.1712455,0
17:00.7,33.00015,908.060741,761.899273,6.834992,0,1,0,0.1712455,0
17:10.7,33.16683333,908.054253,762.141016,6.835087,0,1,0,0.1712455,0
17:20.7,33.33348333,908.177748,762.017528,6.832591,0,1,0,0.1712455,0
17:30.7,33.50015,908.163504,762.161648,6.856204,0,1,0,0.1712455,0
17:40.7,33.66681666,908.158955,761.931565,6.866904,0,1,0,0.1712455,0
17:50.7,33.8335,908.150603,762.138774,6.824386,0,1,0,0.1712455,0
18:00.7,34.00016667,908.095269,761.670685,6.798344,0,1,0,0.1712455,0
18:10.7,34.16681666,908.170365,761.452264,6.82452,0,1,0,0.1712455,0
18:20.7,34.3335,908.172155,761.868027,6.779215,0,1,0,0.1712455,0
18:30.7,34.50016667,908.155003,761.696698,6.7938,0,1,0,0.1712455,0
18:40.7,34.66683334,908.181029,761.995402,6.855528,0,1,0,0.1712455,0
18:50.7,34.8335,908.161864,762.007362,6.778621,0,1,0,0.1712455,0
19:00.7,35.00016666,908.191693,761.712247,6.792295,0,1,0,0.1712455,0
19:10.7,35.16683334,908.203252,761.403825,6.841499,0,1,0,0.1712455,0
19:20.7,35.33348333,908.187293,761.733924,6.826137,0,1,0,0.1712455,0
19:30.7,35.50016666,908.168724,761.652446,6.821357,0,1,0,0.1712455,0
19:40.7,35.66685,908.169694,762.035319,6.835197,0,1,0,0.1712455,0
19:50.7,35.8335,908.149633,761.898675,6.829133,0,1,0,0.1712455,0
20:00.7,36.00016667,908.202134,761.699688,6.838407,0,1,0,0.1712455,0
20:10.7,36.16681667,908.233604,761.908243,6.857074,0,1,0,0.1712455,0
20:20.7,36.33351666,908.251502,761.624489,6.808824,0,1,0,0.1712455,0
20:30.7,36.50018334,908.207801,761.913176,6.805828,0,1,0,0.1712455,0
20:40.7,36.66685,908.247475,761.933658,6.852628,0,1,0,0.1712455,0
20:50.7,36.83349999,908.257319,761.737512,6.82207,0,1,0,0.1712455,0
21:00.7,37.0002,908.283121,761.64512,6.823663,0,1,0,0.1712455,0
21:10.7,37.16685,908.316382,761.675469,6.852152,0,1,0,0.1712455,0
21:20.7,37.33351667,908.310192,761.824373,6.793841,0,1,0,0.1712455,0
21:30.7,37.50016667,908.268654,761.632114,6.777526,0,1,0,0.1712455,0
21:40.7,37.66685,908.32011,761.646316,6.825471,0,1,0,0.1712455,0
21:50.7,37.83351667,908.302884,761.766665,6.842355,0,1,0,0.1712455,0
22:00.7,38.00018333,908.270668,761.844854,6.819502,0,1,0,0.1712455,0
22:10.7,38.16683334,908.328761,761.46841,6.838788,0,1,0,0.1712455,0
22:20.7,38.33351667,908.2606,761.686084,6.837861,0,1,0,0.1712455,0
22:30.7,38.50018333,908.311758,761.845751,6.827944,0,1,0,0.1712455,0
22:40.7,38.66685,908.25001,761.618659,6.851938,0,1,0,0.1712455,0
22:50.7,38.83353333,908.323988,761.370785,6.829704,0,1,0,0.1712455,0
23:00.7,39.00018333,908.34733,761.650054,6.824686,0,1,0,0.1712455,0
23:10.7,39.16685,908.313324,761.419373,6.865135,0,1,0,0.1712455,0
23:20.7,39.3335,908.33249,761.503543,6.843734,0,1,0,0.1712455,0
23:30.7,39.5002,908.291548,761.687728,6.839573,0,1,0,0.1712455,0
23:40.7,39.66686667,908.27104,761.309191,6.87769,0,1,0,0.1712455,0
23:50.7,39.83351666,908.33152,761.71733,6.836362,0,1,0,0.1712455,0
24:00.7,40.00018334,908.339723,761.493825,6.836552,0,1,0,0.1712455,0
24:10.7,40.16686667,908.318917,761.743492,6.887154,0,1,0,0.1712455,0
24:20.7,40.33353333,908.351357,761.735569,6.864731,0,1,0,0.1712455,0
24:30.7,40.5002,908.293636,761.553925,6.864636,0,1,0,0.1712455,0
24:40.7,40.66685,908.338754,761.593094,6.914235,0,1,0,0.1712455,0
24:50.7,40.83353334,908.33853,761.577994,6.891647,0,1,0,0.1712455,0
25:00.7,41.00018333,908.313026,761.574556,6.855671,0,1,0,0.1712455,0
25:10.7,41.16686666,908.393342,761.765918,6.885775,0,1,0,0.1712455,0
25:20.7,41.33353334,908.392746,761.812113,6.845589,0,1,0,0.1712455,0
25:30.7,41.5002,908.33249,761.643476,6.841665,0,1,0,0.1712455,0
25:40.7,41.66686667,908.35777,761.849788,6.861997,0,1,0,0.1712455,0
25:50.7,41.83351667,908.353296,761.775785,6.835126,0,1,0,0.1712455,0
26:00.7,42.0002,908.367465,761.929622,6.845565,0,1,0,0.1712455,0
26:10.7,42.16686667,908.371268,762.156864,6.899874,0,1,0,0.1712455,0
26:20.7,42.33353333,908.349791,761.864439,6.860141,0,1,0,0.1712455,0
26:30.7,42.50020001,908.369479,761.8761,6.827135,0,1,0,0.1712455,0
26:40.7,42.66685,908.368285,761.925286,6.853817,0,1,0,0.1712455,0
26:50.7,42.83355,908.357174,761.578293,6.8366,0,1,0,0.1712455,0
27:00.7,43.0002,908.35434,762.091232,6.835506,0,1,0,0.1712455,0
27:10.7,43.16688333,908.383573,761.7713,6.870295,0,1,0,0.1712455,0
27:20.7,43.33355,908.406169,762.026498,6.826683,0,1,0,0.1712455,0
27:30.7,43.5002,908.388048,762.031432,6.815507,0,1,0,0.1712455,0
27:40.7,43.66688333,908.388346,761.943974,6.813301,0,1,0,0.1712455,0
27:50.7,43.83353334,908.39461,761.689821,6.787466,0,1,0,0.1712455,0
28:00.7,44.00021667,908.413105,761.972827,6.847341,0,1,0,0.1712455,0
28:10.7,44.16688333,908.394759,761.981498,6.834204,0,1,0,0.1712455,0
28:20.7,44.33355,908.406766,762.130402,6.805564,0,1,0,0.1712455,0
28:30.7,44.50021667,908.448975,762.264056,6.807063,0,1,0,0.1712455,0
28:40.7,44.66688333,908.376489,761.908392,6.839785,0,1,0,0.1712455,0
28:50.7,44.83355,908.411613,761.73512,6.804732,0,1,0,0.1712455,0
29:00.7,45.0002,908.374028,762.032777,6.787014,0,1,0,0.1712455,0
29:10.7,45.16688334,908.368211,762.181083,6.811439,0,1,0,0.1712455,0
29:20.7,45.33356667,908.478357,762.549006,6.792032,0,1,0,0.1712455,0
29:30.7,45.50021666,908.419742,762.056997,6.787514,0,1,0,0.1712455,0
29:40.7,45.66688334,908.437118,762.264355,6.844898,0,1,0,0.1712455,0
29:50.7,45.83353333,908.444426,762.286182,6.816623,0,1,0,0.1712455,0
30:00.7,46.00023333,908.413627,762.152977,6.809845,0,1,0,0.1712455,0
30:10.7,46.1669,908.410644,762.183026,6.841093,0,1,0,0.1712455,0
30:20.7,46.33355,908.443083,762.150585,6.814839,0,1,0,0.1712455,0
30:30.7,46.50021667,908.445694,762.626896,6.801331,0,1,0,0.1712455,0
30:40.7,46.66688333,908.43585,762.612394,6.846776,0,1,0,0.1712455,0
30:50.7,46.83355,908.471049,762.63452,6.792745,0,1,0,0.1712455,0
31:00.7,47.00021667,908.40781,762.725268,6.766228,0,1,0,0.1712455,0
31:10.7,47.16688333,908.437118,762.844271,6.823995,0,1,0,0.1712455,0
31:20.7,47.33356667,908.39722,763.091845,6.816195,0,1,0,0.1712455,0
31:30.7,47.50021667,908.407139,762.447793,6.806872,0,1,0,0.1712455,0
31:40.7,47.6669,908.422277,763.056413,6.843661,0,1,0,0.1712455,0
31:50.7,47.83355,908.403857,762.850699,6.838168,0,1,0,0.1712455,0
32:00.7,48.00025,908.42966,763.105898,6.830653,0,1,0,0.1712455,0
32:10.7,48.1669,908.37537,763.147908,6.860996,0,1,0,0.1712455,0
32:20.7,48.33355,908.408332,763.286645,6.849273,0,1,0,0.1712455,0
32:30.7,48.50025,908.408108,763.031446,6.833269,0,1,0,0.1712455,0
32:40.7,48.6669,908.374997,763.199187,6.855289,0,1,0,0.1712455,0
32:50.7,48.83356667,908.449944,763.447509,6.813055,0,1,0,0.1712455,0
33:00.7,49.00021666,908.402068,763.295316,6.804542,0,1,0,0.1712455,0
33:10.7,49.1669,908.444202,763.378439,6.8395,0,1,0,0.1712455,0
33:20.7,49.33358333,908.39021,763.164503,6.808585,0,1,0,0.1712455,0
33:30.7,49.50023334,908.430033,763.050583,6.806349,0,1,0,0.1712455,0
33:40.7,49.6669,908.421233,763.252409,6.851294,0,1,0,0.1712455,0
33:50.7,49.83356666,908.402962,763.087061,6.835409,0,1,0,0.1712455,0
34:00.7,50.00023334,908.403857,763.120699,6.826682,0,1,0,0.1712455,0
34:10.7,50.16691667,908.385736,763.312509,6.850462,0,1,0,0.1712455,0
34:20.7,50.33356666,908.434358,763.064486,6.844517,0,1,0,0.1712455,0
34:30.7,50.50025,908.394312,763.136247,6.834958,0,1,0,0.1712455,0
34:40.7,50.6669,908.418698,763.107692,6.861876,0,1,0,0.1712455,0
34:50.7,50.83356667,908.441816,763.052227,6.840641,0,1,0,0.1712455,0
35:00.7,51.00025,908.481489,763.155832,6.823543,0,1,0,0.1712455,0
35:10.7,51.16691666,908.441294,763.164054,6.86209,0,1,0,0.1712455,0
35:20.7,51.33358334,908.445768,762.590118,6.849059,0,1,0,0.1712455,0
35:30.7,51.50036667,908.387824,762.825583,6.814197,0,1,0,0.1712455,0
35:40.7,51.66691666,908.388048,762.981364,6.8507,0,1,0,0.1712455,0
35:50.7,51.8336,908.450988,763.026812,6.829036,0,1,0,0.1712455,0
36:00.7,52.00025,908.450541,762.980915,6.811795,0,1,0,0.1712455,0
36:10.7,52.16691667,908.450243,762.855035,6.838477,0,1,0,0.1712455,0
36:20.7,52.33356667,908.419443,763.032792,6.827562,0,1,0,0.1712455,0
36:30.7,52.50026666,908.428989,763.07226,6.825136,0,1,0,0.1712455,0
36:40.7,52.66691667,908.432643,763.242243,6.862946,0,1,0,0.1712455,0
36:50.7,52.83358333,908.43406,763.101563,6.842068,0,1,0,0.1712455,0
37:00.7,53.00026666,908.41661,762.99736,6.831177,0,1,0,0.1712455,0
37:10.7,53.16691667,908.434507,762.97329,6.875453,0,1,0,0.1712455,0
37:20.7,53.3336,908.472988,762.521497,6.850604,0,1,0,0.1712455,0
37:30.7,53.50025,908.47351,762.987792,6.828228,0,1,0,0.1712455,0
37:40.7,53.66693333,908.482459,762.749038,6.867202,0,1,0,0.1712455,0
37:50.7,53.83358333,908.478506,762.807045,6.825564,0,1,0,0.1712455,0
38:00.7,54.00025,908.524892,762.999154,6.808157,0,1,0,0.1712455,0
38:10.7,54.16693333,908.503041,762.723922,6.841497,0,1,0,0.1712455,0
38:20.7,54.3336,908.491631,762.914088,6.806635,0,1,0,0.1712455,0
38:30.7,54.50026667,908.448602,762.876563,6.801593,0,1,0,0.1712455,0
38:40.7,54.66691666,908.498045,762.742759,6.831628,0,1,0,0.1712455,0
38:50.7,54.8336,908.46292,762.737975,6.811533,0,1,0,0.1712455,0
39:00.7,55.00028333,908.470229,762.39188,6.820143,0,1,0,0.1712455,0
39:10.7,55.16693334,908.482757,762.494438,6.849225,0,1,0,0.1712455,0
39:20.7,55.3336,908.470452,762.091531,6.83403,0,1,0,0.1712455,0
39:30.7,55.50025,908.493272,762.142511,6.80761,0,1,0,0.1712455,0
39:40.7,55.66693334,908.489618,762.675334,6.840689,0,1,0,0.1712455,0
39:50.7,55.8336,908.420189,762.557677,6.830701,0,1,0,0.1712455,0
40:00.7,56.00026666,908.440921,762.219056,6.827966,0,1,0,0.1712455,0
40:10.7,56.16693333,908.457551,762.316083,6.847894,0,1,0,0.1712455,0
40:20.7,56.3336,908.445992,762.236099,6.811985,0,1,0,0.1712455,0
40:30.7,56.50026667,908.414447,762.571879,6.77674,0,1,0,0.1712455,0
40:40.7,56.66693333,908.439951,762.544969,6.82642,0,1,0,0.1712455,0
40:50.7,56.83361666,908.432196,762.333425,6.820713,0,1,0,0.1712455,0
41:00.7,57.00028334,908.431524,762.512677,6.791438,0,1,0,0.1712455,0
41:10.7,57.16693333,908.46471,762.722278,6.812223,0,1,0,0.1712455,0
41:20.7,57.33359999,908.433687,762.670401,6.793911,0,1,0,0.1712455,0
41:30.7,57.5003,908.408854,762.578009,6.798121,0,1,0,0.1712455,0
41:40.7,57.66695,908.426304,762.531364,6.816789,0,1,0,0.1712455,0
41:50.7,57.8336,908.411986,762.64977,6.805113,0,1,0,0.1712455,0
42:00.7,58.00026667,908.398488,762.839786,6.801545,0,1,0,0.1712455,0
42:10.7,58.16695,908.424887,762.856679,6.839571,0,1,0,0.1712455,0
42:20.7,58.33361667,908.508485,762.844121,6.812889,0,1,0,0.1712455,0
42:30.7,58.50028333,908.451436,762.405484,6.776526,0,1,0,0.1712455,0
42:40.7,58.66693334,908.438311,761.747828,6.816861,0,1,0,0.1712455,0
42:50.7,58.83361667,908.455388,753.936382,6.802377,0,1,0,0.1725059,0
43:00.7,59.0003,904.97463,734.803349,6.794553,0,1,0,0.1751741,0
43:10.7,59.16695,895.763428,733.962852,6.876506,0,1,0,0.1851622,0.07350771
43:20.7,59.33361667,889.661902,732.714815,6.941838,0,1,0,0.1926296,0.05245715
43:30.7,59.5003,886.190838,731.35794,6.862827,0,1,0,0.1938428,0
43:40.7,59.66695,884.053239,730.528058,6.902631,0,1,0,0.1938428,0
43:50.7,59.83363333,882.58651,729.65213,6.954581,0,1,0,0.1938428,0
44:00.7,60.0003,881.428892,728.86067,6.876452,0,1,0,0.1938428,0
44:10.7,60.16696667,880.72752,727.983396,6.965303,0,1,0,0.1938428,0
44:20.7,60.33361666,880.07932,727.190142,6.919252,0,1,0,0.1938428,0
44:30.7,60.50028334,879.398978,726.785292,6.848115,0,1,0,0.1938428,0
44:40.7,60.66695,878.882625,726.386422,6.854053,0,1,0,0.1938428,0
44:50.7,60.83363333,878.447185,725.649979,6.825636,0,1,0,0.1938428,0
45:00.7,61.0003,877.976248,725.273086,6.807039,0,1,0,0.1938428,0
45:10.7,61.16695,877.630596,724.81606,6.826373,0,1,0,0.1938428,0
45:20.7,61.33363334,877.413286,724.263354,6.77869,0,1,0,0.1938428,0
45:30.7,61.5003,877.064651,723.780315,6.769581,0,1,0,0.1938428,0
45:40.7,61.66696666,876.814752,723.810066,6.823519,0,1,0,0.1938428,0
45:50.7,61.83361667,876.479391,723.362608,6.80673,0,1,0,0.1938428,0
46:00.7,62.0003,876.192802,722.773423,6.7829,0,1,0,0.1938428,0
46:10.7,62.16696667,875.981906,721.463791,6.828085,0,1,0,0.1938428,0
46:20.7,62.33363333,875.771308,726.366838,6.855004,0,1,0,0.1960235,0
46:30.7,62.5003,875.85759,724.181427,6.863017,0,1.3,0,0.1960235,0
46:40.7,62.66696667,876.027545,724.744898,6.883348,0,1.6,0,0.1986862,0
46:50.7,62.83363333,875.47838,715.589435,6.86599,0,1,0,0.1986862,0
47:00.7,63.00029999,871.014582,718.540442,6.860069,0,1,0,0.1986862,0
47:10.7,63.16696667,869.542633,720.656933,6.944116,0,1,0,0.218728,0.01789714
47:20.7,63.33365,869.28028,729.736,6.976548,0,1,0,0.2299677,0.26214
47:30.7,63.50031667,866.633263,646.33084,6.939889,0,1.3,0,0.245254,0
47:40.7,63.66698333,814.064077,630.132518,6.972625,0,1.7,0,0.2483818,0
47:50.7,63.83363333,797.148225,646.237551,6.956245,0,2,0,0.2483818,0
48:00.7,64.00031667,796.985503,646.485125,6.923864,0,2,0,0.2483818,0
48:10.7,64.16696666,797.086179,646.622816,6.964257,0,2,0,0.2483818,0
48:20.7,64.33363334,797.24987,647.051736,6.92365,0,2,0,0.2483818,0
48:30.7,64.50033333,797.356884,647.132765,6.894334,0,2,0,0.2483818,0
48:40.7,64.66698333,797.388578,647.20019,6.926503,0,2,0,0.2483818,0
48:50.7,64.83365,797.412143,647.395589,6.924197,0,2,0,0.2483818,0
49:00.7,65.00031667,797.460617,646.982217,6.89607,0,2,0,0.2483818,0
49:10.7,65.16698333,797.511253,646.905075,6.906793,0,2,0,0.2483818,0
49:20.7,65.33365,797.515131,647.120506,6.888651,0,2,0,0.2525722,0
49:30.7,65.5003,791.809595,569.082744,6.840167,0,2,0,0.2589028,0.26214
49:40.7,65.66698334,748.404928,584.494838,6.865825,0,2,0,0.2781099,0.02298441
49:50.7,65.83365,739.947374,590.094262,6.853127,0,2,0,0.2785588,0
50:00.7,66.0003,739.543778,591.253047,6.828562,0,2,0,0.2785588,0
50:10.7,66.16696667,739.554889,600.311334,6.875788,0,2,0,0.2785588,0
50:20.7,66.33366667,739.563092,602.614701,6.873648,0,2,0,0.2785588,0
50:30.7,66.50031667,739.571668,602.948388,6.857811,0,2,0,0.2785588,0
50:40.7,66.667,739.560109,603.019252,6.865516,0,2,0,0.2785588,0
50:50.7,66.83365,739.615145,603.080398,6.838835,0,2,0,0.2785588,0
51:00.7,67.00031667,739.493291,603.120464,6.833723,0,2,0,0.2785588,0
51:10.7,67.167,739.492918,602.921179,6.846921,0,2,0,0.2785588,0
51:20.7,67.33363334,739.582556,603.13975,6.83534,0,2,0,0.2785588,0
51:30.7,67.50033334,739.497318,603.19656,6.836933,0,2,0,0.2785588,0
51:40.7,67.66698333,739.530802,603.452507,6.875241,0,2,0,0.2785588,0
51:50.7,67.83366667,739.54415,603.402872,6.857597,0,2,0,0.2785588,0
52:00.7,68.00035,739.557425,603.618603,6.852651,0,2,0,0.2785588,0
52:10.7,68.167,739.575845,603.158736,6.876359,0,2,0,0.2785588,0
52:20.7,68.33365,739.548476,602.946893,6.868179,0,2,0,0.2785588,0
52:30.7,68.50033333,739.573906,603.441593,6.862353,0,2,0,0.2785588,0
52:40.7,68.66696667,739.615294,602.975298,6.890031,0,2,0,0.2785588,0
52:50.7,68.83368334,739.641992,602.978737,6.87876,0,2,0,0.2785588,0
53:00.7,69.00033333,739.674208,602.967674,6.848847,0,2,0,0.2785588,0
53:10.7,69.167,739.784205,602.644003,6.86806,0,2,0,0.2785588,0
53:20.7,69.33366667,739.731258,602.634884,6.837242,0,2,0,0.2785588,0
53:30.7,69.50033333,739.758925,602.554003,6.816125,0,2,0,0.2785588,0
53:40.7,69.66703334,739.755643,602.670614,6.853008,0,2,0,0.2785588,0
53:50.7,69.83366666,739.783758,602.516479,6.809483,0,2,0,0.2785588,0
54:00.7,70.00033334,739.866685,602.362941,6.762991,0,2,0,0.2785588,0
54:10.7,70.167,739.779582,602.128523,6.579668,0,2,0,0.2785588,0
54:20.7,70.33366666,739.791364,602.097576,6.232914,0,2,0,0.2785588,0
54:30.7,70.50033334,739.822984,601.877061,6.093737,0,2,0,0.2785588,0
54:40.7,70.66701667,739.838346,601.517212,5.945391,0,2,0,0.2785588,0
54:50.7,70.83368333,739.809486,601.535451,5.797756,0,2,0,0.2785588,0
55:00.7,71.00033333,739.777717,601.296398,5.823284,0,2,0,0.2785588,0
55:10.7,71.167,739.764816,601.363823,5.776329,0,2,0,0.2785588,0
55:20.7,71.33368334,739.840285,601.206847,5.664141,0,2,0,0.2785588,0
55:30.7,71.50035,739.76407,601.053159,5.665239,0,2,0,0.2785588,0
55:40.7,71.667,739.798225,600.842063,5.607081,0,2,0,0.2785588,0
55:50.7,71.83368334,739.756911,600.782861,5.47656,0,2,0,0.2785588,0
56:00.7,72.00035,739.77548,600.530802,5.542052,0,2,0,0.2785588,0
56:10.7,72.16703333,739.796808,600.390569,5.523308,0,2,0,0.2785588,0
56:20.7,72.3337,739.812544,600.413294,5.464252,0,2,0,0.2785588,0
56:30.7,72.50035,739.825594,600.39326,5.574581,0,2,0,0.2785588,0
56:40.7,72.66701667,739.803446,600.236732,5.565733,0,2,0,0.2785588,0
56:50.7,72.83368333,739.773914,600.243909,5.404795,0,2,0,0.2785588,0
57:00.7,73.00035,739.808367,600.307746,5.474323,0,2,0,0.2785588,0
57:10.7,73.16701667,739.714255,600.408509,5.437804,0,2,0,0.2785588,0
57:20.7,73.33368333,739.700906,600.479971,5.424637,0,2,0,0.2785588,0
57:30.7,73.50035,739.681889,600.39341,5.501753,0,2,0,0.2785588,0
57:40.7,73.66703333,739.611044,600.444539,5.485487,0,2,0,0.2785588,0
57:50.7,73.83368333,739.657429,600.196517,5.429336,0,2,0,0.2785588,0
58:00.7,74.00036667,739.597397,600.193228,5.541415,0,2,0,0.2785588,0
58:10.7,74.16701667,739.604407,600.230902,5.504806,0,2,0,0.2785588,0
58:20.7,74.33368333,739.625287,600.063311,5.485404,0,2,0,0.2785588,0
58:30.7,74.50036667,739.618277,600.032364,5.601881,0,2,0,0.2785588,0
58:40.7,74.66703333,739.6757,599.70391,5.608724,0,2,0,0.2785588,0
58:50.7,74.8337,739.700309,599.718112,5.529576,0,2,0,0.2785588,0
59:00.7,75.00035,739.756464,599.58685,5.650927,0,2,0,0.2785588,0
59:10.7,75.16701666,739.739983,599.432714,5.636423,0,2,0,0.2785588,0
59:20.7,75.3337,739.767501,599.632597,5.549105,0,2,0,0.2785588,0
59:30.7,75.50036667,739.7939,599.50896,5.640721,0,2,0,0.2785588,0
59:40.7,75.66703334,739.809784,599.570554,5.648303,0,2,0,0.2785588,0
59:50.7,75.8337,739.860793,599.397581,5.587857,0,2,0,0.2785588,0
00:00.7,76.00036666,739.845804,599.265273,5.694197,0,2,0,0.2785588,0
00:10.7,76.16703334,739.903002,599.35587,5.682974,0,2,0,0.2785588,0
00:20.7,76.3337,739.861539,599.26901,5.609538,0,1.8,0,0.2785588,0
00:30.7,76.50038333,739.844834,599.141635,5.686455,0,2,0,0.2785588,0
00:40.7,76.66703333,739.924554,598.765789,5.647783,0,2,0,0.2785588,0
00:50.7,76.8337,739.900168,599.085273,5.516491,0,2,0,0.2785588,0
01:00.7,77.00036667,739.87362,599.061054,5.555441,0,2,0,0.2785588,0
01:10.7,77.16705,739.950133,598.967765,5.528445,0,2,0,0.2785588,0
01:20.7,77.33371666,739.882718,599.054924,5.487947,0,2,0,0.2785588,0
01:30.7,77.50036667,739.962587,598.914692,5.591562,0,2,0,0.2785588,0
01:40.7,77.66703333,739.936039,598.972101,5.563928,0,2,0,0.2785588,0
01:50.7,77.83371666,739.940513,599.03833,5.525746,0,2,0,0.2785588,0
02:00.7,78.00038333,739.993163,598.939659,5.664313,0,2,0,0.2785588,0
02:10.7,78.16703333,740.007257,599.035639,5.644047,0,2,0,0.2785588,0
02:20.7,78.3337,740.018294,598.938164,5.537194,0,2,0,0.2808257,0
02:30.7,78.50036667,740.003827,600.205636,5.688057,0,2,0,0.2808257,0
02:40.7,78.66705,740.073778,598.816021,5.74961,0,2,0,0.2893068,0.07714329
02:50.7,78.83373334,734.772883,414.899606,5.612697,0,2,0,0.3017528,0.26214
03:00.7,79.0004,623.511135,254.095652,5.764109,0,2.6,0,0.32664,0
03:10.7,79.16706666,529.81963,386.342905,5.791307,0,2,0,0.32664,0
03:20.7,79.33371667,527.44205,378.179383,5.73982,0,2,0,0.32664,0
03:30.7,79.5004,527.49813,379.346391,5.884874,0,2,0,0.32664,0
03:40.7,79.66705,527.612378,392.945183,5.827118,0,2,0,0.32664,0
03:50.7,79.8337,527.525499,424.478009,5.740784,0,2,0,0.32664,0
04:00.7,80.00036667,527.641163,428.170692,5.817488,0,2,0,0.32664,0
04:10.7,80.16705,527.649516,429.111654,5.845612,0,2,0,0.32664,0
04:20.7,80.33373333,527.658316,429.195225,5.726075,0,2,0,0.32664,0
04:30.7,80.50038334,527.693589,428.929411,5.77592,0,2,0,0.32664,0
04:40.7,80.66706667,527.71969,429.446686,5.783952,0,2,0,0.32664,0
04:50.7,80.83371666,527.803661,429.602466,5.622961,0,2,0,0.32664,0
05:00.7,81.00038334,527.838189,429.312434,5.726861,0,2,0,0.32664,0
05:10.7,81.16706667,527.827376,429.743895,5.700726,0,2,0,0.32664,0
05:20.7,81.33373333,527.884425,429.812366,5.559549,0,2,0,0.32664,0
05:30.7,81.5004,527.854297,429.463729,5.69801,0,2,0,0.32664,0
05:40.7,81.66706666,527.853178,429.949459,5.678341,0,2,0,0.32664,0
05:50.7,81.83371667,527.896133,430.001934,5.593888,0,2,0,0.32664,0
06:00.7,82.0004,527.88092,429.739858,5.72228,0,2,0,0.32664,0
06:10.7,82.16706666,527.916865,430.05725,5.731719,0,2,0,0.32664,0
06:20.7,82.33373334,527.958626,430.34788,5.654525,0,2,0,0.32664,0
06:30.7,82.50038333,527.896431,430.037665,5.70216,0,2,0,0.32664,0
06:40.7,82.66705,527.983161,430.304973,5.667067,0,2,0,0.32664,0
06:50.7,82.83375,527.97287,430.610255,5.607006,0,2,0,0.32664,0
07:00.7,83.0004,528.027086,428.944661,5.729027,0,2,0,0.32664,0
07:10.7,83.16706667,528.012544,428.582568,5.748361,0,2,0,0.32664,0
07:20.7,83.33373333,528.086,430.195987,5.61156,0,2,0,0.32664,0
07:30.7,83.50039999,528.053783,430.210488,5.720876,0,2,0,0.32664,0
07:40.7,83.66708334,527.991215,430.290173,5.697261,0,2,0,0.32664,0
07:50.7,83.83373333,528.128134,430.354907,5.622061,0,2,0,0.32664,0
08:00.7,84.0004,528.078766,430.755869,5.718858,0,2,0,0.32664,0
08:10.7,84.16708333,528.077498,430.374641,5.747298,0,2,0,0.32664,0
08:20.7,84.33375,528.08421,430.650471,5.650102,0,2,0,0.32664,0
08:30.7,84.50041667,528.177428,430.066668,5.745557,0,2,0,0.32664,0
08:40.7,84.66706666,528.170865,430.139027,5.74079,0,2,0,0.32664,0
08:50.7,84.83374999,528.117619,430.738527,5.615576,0,2,0,0.32664,0
09:00.7,85.0004,528.133131,430.314242,5.683827,0,2,0,0.32664,0
09:10.7,85.16706666,528.154459,430.475255,5.70841,0,2,0,0.32664,0
09:20.7,85.33375,528.154235,430.947082,5.575603,0,2,0,0.32664,0
09:30.7,85.50041667,528.143571,430.506651,5.685212,0,2,0,0.32664,0
09:40.7,85.66708333,528.167435,430.363279,5.717113,0,2,0,0.32664,0
09:50.7,85.83373333,528.167957,430.719391,5.63741,0,2,0,0.32664,0
10:00.7,86.00043333,528.180411,430.542232,5.746955,0,2,0,0.32664,0
10:10.7,86.16708334,528.163408,430.520106,5.764955,0,2,0,0.32664,0
10:20.7,86.33375,528.197563,431.059507,5.612028,0,2,0,0.32664,0
10:30.7,86.50041666,528.097037,430.864108,5.676703,0,2,0,0.32664,0
10:40.7,86.66708334,528.12627,430.328296,5.65999,0,2,0,0.32664,0
10:50.7,86.83376667,528.149835,430.65974,5.57539,0,2,0,0.32664,0
11:00.7,87.00041667,528.143571,430.223794,5.684976,0,2,0,0.32664,0
11:10.7,87.16708333,528.205915,430.704291,5.726458,0,2,0,0.32664,0
11:20.7,87.33376666,528.144018,430.716999,5.628016,0,2,0,0.32664,0
11:30.7,87.50041667,528.156621,431.037679,5.730748,0,2,0,0.32664,0
11:40.7,87.6671,528.15595,430.570189,5.753872,0,2,0,0.32664,0
11:50.7,87.83375,528.098081,424.791214,5.614187,0,2,0,0.32664,0
12:00.7,88.00041667,528.201664,405.186205,5.705644,0,2,0,0.32664,0
12:10.7,88.16708333,528.168031,386.717256,5.743145,0,2,0,0.32664,0
12:20.7,88.33375,527.715962,363.0636,5.66045,0,2,0,0.3301307,0
12:30.7,88.50041667,498.519948,333.30715,5.743485,0,2,0,0.3321953,0
12:40.7,88.66708333,485.6637,358.009109,5.785582,0,2,0,0.3477329,0.26214
12:50.7,88.83376667,485.530734,350.408909,5.682649,0,2,0,0.3544645,0.00215233
13:00.7,89.00043333,485.416784,348.933779,5.822905,0,2,0,0.3544645,0
13:10.7,89.16711666,485.367267,364.287119,5.854438,0,2,0,0.3544645,0
13:20.7,89.33378334,485.389714,366.16665,5.713641,0,2,0,0.3544645,0
13:30.7,89.50045,485.411639,366.709938,5.818139,0,2,0,0.3544645,0
13:40.7,89.6671,485.375918,366.316002,5.837613,0,2,0,0.3544645,0
13:50.7,89.83376667,485.404107,366.14288,5.67969,0,2,0,0.3544645,0
14:00.7,90.00041666,485.361226,365.809492,5.733236,0,2,0,0.3544645,0
14:10.7,90.1671,485.385389,365.448296,5.76158,0,2,0,0.3544645,0
14:20.7,90.33378333,485.519772,366.28057,5.643762,0,2,0,0.3544645,0
14:30.7,90.50043334,485.522233,366.113278,5.704796,0,2,0,0.3544645,0
14:40.7,90.6671,485.66027,365.986501,5.660331,0,2,0,0.3544645,0
14:50.7,90.83376666,485.697035,365.886036,5.539078,0,2,0,0.3544645,0
15:00.7,91.00043334,485.748939,365.787515,5.64934,0,2,0,0.3544645,0
15:10.7,91.16711667,485.752071,365.873179,5.700982,0,2,0,0.3544645,0
15:20.7,91.33378333,485.789805,365.85808,5.561137,0,2,0,0.3544645,0
15:30.7,91.50043333,485.795771,369.914799,5.58097,0,2,0,0.3544645,0
15:40.7,91.66708333,485.764003,370.325778,5.55364,0,2,0,0.3544645,0
15:50.7,91.83378334,485.746179,370.384084,5.430854,0,2,0,0.3544645,0
16:00.7,92.00045,485.799351,370.279134,5.556952,0,2,0,0.3544645,0
16:10.7,92.16711666,485.837458,370.294084,5.584737,0,2,0,0.3544645,0
16:20.7,92.33376667,485.843126,371.178833,5.476701,0,2,0,0.3544645,0
16:30.7,92.50045,485.818144,370.68488,5.576105,0,2,0,0.3544645,0
16:40.7,92.66711666,485.893389,370.102872,5.619314,0,2,0,0.3544645,0
16:50.7,92.83378333,485.949096,370.778618,5.495591,0,2,0,0.3544645,0
17:00.7,93.00043333,485.959015,370.420113,5.575174,0,2,0,0.3544645,0
17:10.7,93.16711667,485.964757,371.035312,5.659586,0,2,0,0.3544645,0
17:20.7,93.33378333,486.041568,370.985528,5.564468,0,2,0,0.3544645,0
17:30.7,93.50045,486.04925,362.227738,5.655064,0,2,0,0.3544645,0
17:40.7,93.66711667,486.087805,344.711113,5.666522,0,2,0,0.3544645,0
17:50.7,93.83378333,486.108835,297.438038,5.529935,0,2,0,0.3651786,0
18:00.7,94.00045,450.031919,129.365179,5.68538,0,3,0,0.3822302,0.26214
18:10.7,94.16711667,380.613848,229.974506,5.729129,0,2.4,0,0.3854547,0
18:20.7,94.3338,375.840268,236.0175,5.673891,0,2,0,0.3854547,0
18:30.7,94.50045,375.768677,240.64666,5.81558,0,2,0,0.3854547,0
18:40.7,94.66711667,375.729227,241.555778,5.853573,0,2,0,0.3854547,0
18:50.7,94.83378334,375.713194,243.759129,5.748747,0,2,0,0.3854547,0
19:00.7,95.00045,375.698279,247.531646,5.850973,0,2,0,0.3854547,0
19:10.7,95.16713333,375.720054,248.90661,5.892155,0,2,0,0.3854547,0
19:20.7,95.3338,375.758087,249.067324,5.763073,0,2,0,0.3854547,0
19:30.7,95.50046667,375.733254,249.531227,5.842776,0,2,0,0.3854547,0
19:40.7,95.66713333,375.775985,249.417905,5.799731,0,2,0,0.3854547,0
19:50.7,95.83378334,375.78471,248.945331,5.653577,0,2,0,0.3879245,0
20:00.7,96.00046667,375.785829,233.492871,5.728411,0,2,0,0.3879245,0
20:10.7,96.16713334,375.872186,233.638485,5.765313,0,2,0,0.3879245,0
20:20.7,96.33381667,375.784934,235.088648,5.61855,0,2,0,0.4002999,0
20:30.7,96.50045,359.516461,47.697374,5.699994,0,2.6,0,0.402405,0
20:40.7,96.66711667,297.894097,142.867543,5.738235,0,3,0,0.40744,0.26214
20:50.7,96.8338,283.635552,149.977229,5.662352,0,2.7,0,0.4288567,0.07380144
21:00.7,97.00044999,283.567391,143.426229,5.785454,0,2,0,0.4315692,0.005141347
21:10.7,97.16713333,283.510118,141.884721,5.816608,0,2,0,0.4316434,0
21:20.7,97.3338,283.474323,139.630091,5.674367,0,2,0,0.4316434,0
21:30.7,97.50046667,283.346278,139.111321,5.768101,0,2,0,0.4316434,0
21:40.7,97.66715,283.38625,138.839079,5.763883,0,2,0,0.4316434,0
21:50.7,97.8338,283.34516,138.882734,5.667454,0,2,0,0.4316434,0
22:00.7,98.00046667,283.343743,138.881089,5.757399,0,2,0,0.4316434,0
22:10.7,98.16713333,283.372156,138.768664,5.761142,0,2,0,0.4316434,0
22:20.7,98.3338,283.361715,139.304178,5.623796,0,2,0,0.4316434,0
22:30.7,98.50048333,283.328828,139.265308,5.688743,0,2,0,0.4316434,0
22:40.7,98.66716666,283.289751,139.052866,5.684408,0,2,0,0.4316434,0
22:50.7,98.83381667,283.355153,138.74295,5.515466,0,2,0,0.4316434,0
23:00.7,99.00048333,283.369695,138.658033,5.646716,0,2,0,0.4316434,0
23:10.7,99.16715,283.36358,138.077819,5.708777,0,2,0,0.4316434,0
23:20.7,99.33383334,283.354854,138.567585,5.587487,0,2,0,0.4316434,0
23:30.7,99.5005,283.32234,138.903515,5.678211,0,2,0,0.4316434,0
23:40.7,99.66715,283.323533,138.477436,5.66939,0,2,0,0.4451873,0.26214
23:50.7,99.8338,276.172746,-35.08317,5.517708,0,2,0,0.4632819,0
24:00.7,100.0004667,225.322127,53.302927,5.62454,0,2,0,0.4669768,0.1750019
24:10.7,100.16715,190.718428,-5.866569,5.687559,0,2.3,0,0.4769491,0.03408742
24:20.7,100.3338333,161.845992,-78.758196,5.640471,0,3,0,0.4833626,0.04640656
24:30.7,100.5004833,124.662542,-81.574054,5.766058,0,3,0,0.5186304,0.26214
24:40.7,100.66715,96.843321,-129.295932,5.835444,0,2.3,0,0.5609778,0.2287793
24:50.7,100.8338,74.478095,-132.918799,5.762079,0,2,0,0.5942165,0.1724768
25:00.7,101.0005,57.176917,-131.600346,5.885176,0,2,0,0.6192694,0.1321906
25:10.7,101.1671667,44.561992,-133.429346,5.950852,0,2,0,0.6384397,0.09994497
25:20.7,101.3338167,35.284568,-133.2033,5.839065,0,2,0,0.6533654,0.07855292
25:30.7,101.5004833,28.35549,-121.552958,5.888421,0,2,0,0.664838,0.06077338
25:40.7,101.66715,23.159447,-116.2337,5.903482,0,2,0,0.6737872,0.04603661
25:50.7,101.8338333,19.167332,-115.47229,5.791755,0,2,0,0.6803572,0.034072
26:00.7,102.0005,16.155944,-100.728466,5.862325,0,2,0,0.6851496,0.02344666
26:10.7,102.16715,13.770832,-96.852494,5.862445,0,2,0,0.6883789,0.01561218
26:20.7,102.3338333,11.947042,-96.377379,5.746918,0,2,0,0.690432,0.008793435
26:30.7,102.5004833,10.519465,-96.144456,5.752576,0,2,0,0.6915408,0.004277199
26:40.7,102.6671667,9.283618,-95.797015,5.716275,0,2,0,0.6915749,0.000470402
26:50.7,102.8338333,8.336897,-96.495485,5.565038,0,2,0,0.6915749,0
27:00.7,103.0005,7.573106,-95.944722,5.638408,0,2,0,0.6915749,0
27:10.7,103.1671667,6.91715,-95.643178,5.689123,0,2,0,0.6915749,0
27:20.7,103.3338167,6.410641,-96.117695,5.599066,0,2,0,0.6915749,0
27:30.7,103.5005167,6.006075,-95.444939,5.631686,0,2,0,0.6915749,0
27:40.7,103.6671667,5.600316,-95.294541,5.650307,0,2,0,0.6915749,0
27:50.7,103.8338333,5.214095,-95.714191,5.498069,0,2,0,0.6915749,0
28:00.7,104.0005,5.055252,-95.368843,5.547413,0,2,0,0.6915749,0
28:10.7,104.1671667,4.837569,-95.038744,5.617571,0,2,0,0.6915749,0
28:20.7,104.33385,4.704827,-95.017066,5.561199,0,2,0,0.6915749,0
28:30.7,104.5005167,4.517496,-94.950239,5.667376,0,2,0,0.6915749,0
28:40.7,104.6671833,4.438074,-94.72494,5.732821,0,2,0,0.6915749,0
28:50.7,104.83385,4.355595,-94.946352,5.569066,0,2,0,0.6915749,0
29:00.7,105.0005,4.270953,-94.682781,5.61497,0,2,0,0.6915749,0
29:10.7,105.1671833,4.188548,-94.769342,5.651906,0,2,0,0.6915749,0
29:20.7,105.3338333,4.051854,-94.749608,5.564466,0,2,0,0.6915749,0
29:30.7,105.5005167,4.014119,-94.625971,5.636144,0,2,0,0.6915749,0
29:40.7,105.6671833,4.007855,-94.685622,5.702021,0,2,0,0.6915749,0
29:50.7,105.8338333,3.925152,-94.774126,5.563821,0,2,0,0.6915749,0
30:00.7,106.0005167,3.858855,-94.835721,5.635929,0,2,0,0.6915749,0
30:10.7,106.1671833,3.898305,-94.591735,5.635834,0,2,0,0.6915749,0
30:20.7,106.33385,3.831785,-94.580522,5.510732,0,2,0,0.6915749,0
30:30.7,106.5005,3.816497,-94.553462,5.599231,0,2,0,0.6915749,0
30:40.7,106.6671667,3.797779,-94.734658,5.620357,0,2,0,0.6915749,0
30:50.7,106.8338667,3.701503,-94.5122,5.45976,0,2,0,0.6915749,0
31:00.7,107.0005167,3.727604,-94.645555,5.59358,0,2,0,0.6915749,0
31:10.7,107.1671833,3.724323,-94.585605,5.637909,0,2,0,0.6915749,0
31:20.7,107.3338333,3.711496,-94.652582,5.50563,0,2,0,0.6915749,0
31:30.7,107.5005167,3.634908,-94.618645,5.619451,0,2,0,0.6915749,0
31:40.7,107.6672,3.652508,-94.528047,5.654753,0,2,0,0.6915749,0
31:50.7,107.83385,3.6452,-94.515041,5.494107,0,2,0,0.6915749,0
32:00.7,108.0005167,3.636773,-94.449559,5.522537,0,2,0,0.6915749,0
32:10.7,108.1671833,3.633939,-94.412034,5.557929,0,2,0,0.6915749,0
32:20.7,108.33385,3.566449,-94.478413,5.432042,0,2,0,0.6915749,0
32:30.7,108.5005333,3.59777,-94.462117,5.541065,0,2,0,0.6915749,0
32:40.7,108.6672,3.613878,-94.394393,5.618499,0,2,0,0.6915749,0
32:50.7,108.8338667,3.529013,-94.509509,5.565156,0,2,0,0.6915749,0
33:00.7,109.0005167,3.566225,-94.583961,5.659365,0,2,0,0.6915749,0
33:10.7,109.1672,3.642962,-94.251769,5.689789,0,2,0,0.6915749,0
33:20.7,109.3338667,3.597696,-94.190025,5.578963,0,2,0,0.6915749,0
33:30.7,109.5005333,3.601275,-94.190922,5.674934,0,2,0,0.6915749,0
33:40.7,109.6672,3.55392,-94.197649,5.737158,0,2,0,0.6915749,0
33:50.7,109.83385,3.549222,-94.303945,5.612775,0,2,0,0.6915749,0
34:00.7,110.00055,3.611268,-94.284659,5.643129,0,2,0,0.6915749,0
34:10.7,110.1672,3.594787,-94.207815,5.69861,0,2,0,0.6915749,0
34:20.7,110.3338667,3.57152,-94.572748,5.550321,0,2,0,0.6915749,0
34:30.7,110.5005333,3.590313,-94.481403,5.587783,0,2,0,0.6915749,0
34:40.7,110.6672,3.579649,-94.0924,5.659868,0,2,0,0.6915749,0
34:50.7,110.8338833,3.518871,-94.152051,5.547268,0,2,0,0.6915749,0
35:00.7,111.0005333,3.519393,-94.470489,5.607504,0,2,0,0.6915749,0
35:10.7,111.1672,3.585987,-94.186287,5.655766,0,2,0,0.6915749,0
35:20.7,111.3338833,3.541467,-94.135606,5.521582,0,2,0,0.6915749,0
35:30.7,111.5005333,3.482105,-94.159078,5.578055,0,2,0,0.6915749,0
35:40.7,111.6672167,3.509772,-94.085822,5.596179,0,2,0,0.6915749,0
35:50.7,111.8338667,3.478973,-94.123347,5.466821,0,2,0,0.6915749,0
36:00.7,112.00055,3.489637,-94.165357,5.576766,0,2,0,0.6915749,0
36:10.7,112.1672,3.569581,-94.595173,5.658508,0,2,0,0.6915749,0
36:20.7,112.3338667,3.535948,-94.039178,5.520152,0,2,0,0.6915749,0
36:30.7,112.50055,3.489041,-94.062201,5.585018,0,2,0,0.6915749,0
36:40.7,112.6672167,3.520586,-94.157732,5.64952,0,2,0,0.6915749,0
36:50.7,112.8338833,3.502986,-94.176719,5.500309,0,2,0,0.6915749,0
37:00.7,113.0005333,3.479495,-93.988646,5.549652,0,2,0,0.6915749,0
37:10.7,113.1672167,3.54445,-94.01152,5.60598,0,2,0,0.6915749,0
37:20.7,113.3339,3.476438,-93.939012,5.505795,0,2,0,0.6915749,0
37:30.7,113.50055,3.489339,-94.150407,5.599395,0,2,0,0.6915749,0
37:40.7,113.6672167,3.469353,-94.447316,5.683304,0,2,0,0.6915749,0
37:50.7,113.8338833,3.438479,-94.11348,5.544024,0,2,0,0.6915749,0
38:00.7,114.00055,3.482926,-94.041869,5.633088,0,2,0,0.6915749,0
38:10.7,114.1672333,3.490681,-93.927052,5.698013,0,2,0,0.6915749,0
38:20.7,114.3338833,3.494336,-93.804461,5.57963,0,2,0,0.6915749,0
38:30.7,114.5005667,3.491576,-94.081935,5.652903,0,2,0,0.6915749,0
38:40.7,114.6672167,3.492098,-94.081337,5.68092,0,2,0,0.6915749,0
38:50.7,114.8338833,3.470919,-93.828231,5.556117,0,2,0,0.6915749,0
39:00.7,115.0005667,3.449069,-93.889228,5.645535,0,2,0,0.6915749,0
39:10.7,115.1672333,3.471143,-93.843929,5.707836,0,2,0,0.6915749,0
39:20.7,115.3339,3.474872,-94.004643,5.596202,0,2,0,0.6915749,0
39:30.7,115.50055,3.482926,-94.088513,5.647849,0,2,0,0.6915749,0
39:40.7,115.6672167,3.484715,-93.841836,5.700755,0,2,0,0.6915749,0
39:50.7,115.8339,3.506193,-93.605026,5.607387,0,2,0,0.6915749,0
40:00.7,116.0005667,3.447503,-93.67559,5.690668,0,2,0,0.6915749,0
40:10.7,116.1672333,3.506342,-93.984161,5.743976,0,2,0,0.6915749,0
40:20.7,116.3338833,3.462716,-93.6276,5.643296,0,2,0,0.6915749,0
40:30.7,116.5005667,3.492322,-93.623265,5.703114,0,2,0,0.6915749,0
40:40.7,116.6672333,3.507461,-93.552401,5.742629,0,2,0,0.6915749,0
40:50.7,116.8339,3.481583,-93.550906,5.566505,0,2,0,0.6915749,0
41:00.7,117.0005667,3.499332,-93.60667,5.639361,0,2,0,0.6915749,0
41:10.7,117.1672333,3.494858,-93.798481,5.672217,0,2,0,0.6915749,0
41:20.7,117.3339,3.516932,-93.875922,5.547484,0,2,0,0.6915749,0
41:30.7,117.5005667,3.475916,-93.490807,5.593365,0,2,0,0.6915749,0
41:40.7,117.66725,3.441462,-93.368066,5.655505,0,2,0,0.6915749,0
41:50.7,117.8339167,3.533562,-93.380176,5.526121,0,2,0,0.6915749,0
42:00.7,118.0005667,3.566449,-93.493498,5.598663,0,2,0,0.6915749,0
42:10.7,118.1672333,3.467041,-93.618032,5.646019,0,2,0,0.6915749,0
42:20.7,118.3339167,3.472485,-93.572584,5.556934,0,2,0,0.6915749,0
42:30.7,118.5005833,3.524687,-93.562418,5.621983,0,2,0,0.6915749,0
42:40.7,118.6672333,3.510071,-93.645391,5.656512,0,2,0,0.6915749,0
42:50.7,118.8339,3.497766,-93.647634,5.532558,0,2,0,0.6915749,0
43:00.7,119.0005833,3.534233,-93.609212,5.580659,0,2,0,0.6915749,0
43:10.7,119.16725,3.486207,-93.47182,5.672915,0,2,0,0.6915749,0
43:20.7,119.3339167,3.500898,-93.701155,5.587314,0,2,0,0.6915749,0
43:30.7,119.5005667,3.509847,-93.418747,5.654482,0,2,0,0.6915749,0
43:40.7,119.66725,3.523121,-93.558381,5.732754,0,2,0,0.6915749,0
43:50.7,119.8339167,3.546165,-93.606072,5.602717,0,2,0,0.6915749,0
44:00.7,120.0005833,3.522301,-93.608763,5.63753,0,2,0,0.6915749,0
44:10.7,120.16725,3.508356,-93.63074,5.717616,0,2,0,0.6915749,0
44:20.7,120.3339167,3.526775,-93.33996,5.578179,0,2,0,0.6915749,0
44:30.7,120.5005833,3.557649,-93.452983,5.604338,0,2,0,0.6915749,0
44:40.7,120.66725,3.49799,-93.347285,5.688412,0,2,0,0.6915749,0
44:50.7,120.8339167,3.526626,-118.634991,5.596185,0,2,0,0.6915749,0
