"Time","Meter Out Counter value ls","Meter Out Measure ccs/min"
﻿"2022-05-13 15:12:19.241",0.0001041467,0
﻿"2022-05-13 15:17:19.250",0.0002964867,0
﻿"2022-05-13 15:22:19.238",0.0002964867,0
﻿"2022-05-13 15:27:19.242",0.05227965,0
﻿"2022-05-13 15:32:19.247",0.05328199,3.48581
﻿"2022-05-13 15:37:19.238",0.05376285,0
﻿"2022-05-13 15:42:19.240",0.05415937,0
﻿"2022-05-13 15:47:19.245",0.05437816,0
﻿"2022-05-13 15:52:19.235",0.05724698,0
﻿"2022-05-13 15:57:19.237",0.0589836,0
﻿"2022-05-13 16:02:19.242",0.06012419,0
﻿"2022-05-13 16:07:19.234",0.06151911,0
﻿"2022-05-13 16:12:19.234",0.06306651,0
﻿"2022-05-13 16:17:19.239",0.06364125,0
﻿"2022-05-13 16:22:19.231",0.06364125,0
﻿"2022-05-13 16:27:19.231",0.06364125,0
﻿"2022-05-13 16:32:19.236",0.06364125,0
﻿"2022-05-13 16:37:19.229",0.06366914,0
﻿"2022-05-13 16:42:19.228",0.06366914,0
﻿"2022-05-13 16:47:19.233",0.06366914,0
﻿"2022-05-13 16:52:19.227",0.06366914,0
﻿"2022-05-13 16:57:19.226",0.06366914,0
﻿"2022-05-13 17:02:19.229",0.06368223,0
﻿"2022-05-13 17:07:19.235",0.06368223,0
﻿"2022-05-13 17:12:19.224",0.06368223,0
﻿"2022-05-13 17:17:19.227",0.06368223,0
﻿"2022-05-13 17:22:19.231",0.06371558,0
﻿"2022-05-13 17:27:19.236",0.06372922,0
﻿"2022-05-13 17:32:19.223",0.06372922,0
﻿"2022-05-13 17:37:19.229",0.06372922,0
﻿"2022-05-13 17:42:19.221",0.06372922,0
﻿"2022-05-13 17:47:19.221",0.06372922,0
﻿"2022-05-13 17:52:19.226",0.06372922,0
﻿"2022-05-13 17:57:19.218",0.06372922,0
﻿"2022-05-13 18:02:19.217",0.06372922,0
﻿"2022-05-13 18:07:19.223",0.06372922,0
﻿"2022-05-13 18:12:19.214",0.06372922,0
﻿"2022-05-13 18:17:19.214",0.06372922,0
﻿"2022-05-13 18:22:19.219",0.06372922,0
﻿"2022-05-13 18:27:19.224",0.06372922,0
﻿"2022-05-13 18:32:19.214",0.06372922,0
﻿"2022-05-13 18:37:19.217",0.06372922,0
﻿"2022-05-13 18:42:19.221",0.06372922,0
﻿"2022-05-13 18:47:19.212",0.06372922,0
﻿"2022-05-13 18:52:19.213",0.06372922,0
﻿"2022-05-13 18:57:19.219",0.06372922,0
﻿"2022-05-13 19:02:19.222",0.06372922,0
﻿"2022-05-13 19:07:19.212",0.06372922,0
﻿"2022-05-13 19:12:19.215",0.06372922,0
﻿"2022-05-13 19:17:19.219",0.06372922,0
﻿"2022-05-13 19:22:19.207",0.06372922,0
﻿"2022-05-13 19:27:19.212",0.06372922,0
﻿"2022-05-13 19:32:19.217",0.06372922,0
﻿"2022-05-13 19:37:19.205",0.06372922,0
﻿"2022-05-13 19:42:19.209",0.06372922,0
﻿"2022-05-13 19:47:19.214",0.06372922,0
﻿"2022-05-13 19:52:19.205",0.06372922,0
﻿"2022-05-13 19:57:19.207",0.06372922,0
﻿"2022-05-13 20:02:19.210",0.06372922,0
﻿"2022-05-13 20:07:19.215",0.06372922,0
﻿"2022-05-13 20:12:19.203",0.06372922,0
﻿"2022-05-13 20:17:19.208",0.06372922,0
﻿"2022-05-13 20:22:19.212",0.06372922,0
﻿"2022-05-13 20:27:19.204",0.06372922,0
﻿"2022-05-13 20:32:19.205",0.06372922,0
﻿"2022-05-13 20:37:19.210",0.06372922,0
﻿"2022-05-13 20:42:19.214",0.06372922,0
﻿"2022-05-13 20:47:19.202",0.06372922,0
﻿"2022-05-13 20:52:19.207",0.06372922,0
﻿"2022-05-13 20:57:19.211",0.06372922,0
﻿"2022-05-13 21:02:19.198",0.06372922,0
﻿"2022-05-13 21:07:19.203",0.06372922,0
﻿"2022-05-13 21:12:19.208",0.06372922,0
﻿"2022-05-13 21:17:19.199",0.06372922,0
﻿"2022-05-13 21:22:19.201",0.06372922,0
﻿"2022-05-13 21:27:19.205",0.06372922,0
﻿"2022-05-13 21:32:19.210",0.06372922,0
﻿"2022-05-13 21:37:19.198",0.06372922,0
﻿"2022-05-13 21:42:19.202",0.06372922,0
﻿"2022-05-13 21:47:19.207",0.06372922,0
﻿"2022-05-13 21:52:19.198",0.06372922,0
﻿"2022-05-13 21:57:19.199",0.06372922,0
﻿"2022-05-13 22:02:19.203",0.06372922,0
﻿"2022-05-13 22:07:19.195",0.06372922,0
﻿"2022-05-13 22:12:19.196",0.06372922,0
﻿"2022-05-13 22:17:19.201",0.06372922,0
﻿"2022-05-13 22:22:19.193",0.06372922,0
﻿"2022-05-13 22:27:19.193",0.06372922,0
﻿"2022-05-13 22:32:19.198",0.06372922,0
﻿"2022-05-13 22:37:19.202",0.06372922,0
﻿"2022-05-13 22:42:19.190",0.06372922,0
﻿"2022-05-13 22:47:19.195",0.06372922,0
﻿"2022-05-13 22:52:19.200",0.06372922,0
﻿"2022-05-13 22:57:19.191",0.06372922,0
﻿"2022-05-13 23:02:19.191",0.06372922,0
﻿"2022-05-13 23:07:19.197",0.06372922,0
﻿"2022-05-13 23:12:19.189",0.06372922,2.688764
﻿"2022-05-13 23:17:19.188",0.06372922,0
﻿"2022-05-13 23:22:19.194",0.06372922,0
﻿"2022-05-13 23:27:19.198",0.06372922,0
﻿"2022-05-13 23:32:19.187",0.06372922,0
﻿"2022-05-13 23:37:19.191",0.06372922,0
﻿"2022-05-13 23:42:19.195",0.06372922,0
﻿"2022-05-13 23:47:19.188",0.06372922,0
﻿"2022-05-13 23:52:19.188",0.06372922,0
﻿"2022-05-13 23:57:19.192",0.06372922,0
﻿"2022-05-14 00:02:19.197",0.06372922,0
﻿"2022-05-14 00:07:19.187",0.06372922,0
﻿"2022-05-14 00:12:19.189",0.06372922,0
﻿"2022-05-14 00:17:19.193",0.06372922,0
﻿"2022-05-14 00:22:19.184",0.06372922,0
﻿"2022-05-14 00:27:19.186",0.06372922,0
﻿"2022-05-14 00:32:19.191",0.06372922,0
﻿"2022-05-14 00:37:19.183",0.06372922,0
﻿"2022-05-14 00:42:19.183",0.06372922,0
﻿"2022-05-14 00:47:19.188",0.06372922,0
﻿"2022-05-14 00:52:19.178",0.06372922,0
﻿"2022-05-14 00:57:19.180",0.06372922,0
﻿"2022-05-14 01:02:19.184",0.06372922,0
﻿"2022-05-14 01:07:19.190",0.06372922,0
﻿"2022-05-14 01:12:19.179",0.06372922,0
﻿"2022-05-14 01:17:19.169",0.06372922,0
﻿"2022-05-14 01:22:19.170",0.06372922,0
﻿"2022-05-14 01:27:19.174",0.06372922,0
﻿"2022-05-14 01:32:19.165",0.06372922,0
﻿"2022-05-14 01:37:19.167",0.06372922,0
﻿"2022-05-14 01:42:19.171",0.06372922,0
﻿"2022-05-14 01:47:19.162",0.06372922,0
﻿"2022-05-14 01:52:19.163",0.06372922,0
﻿"2022-05-14 01:57:19.168",0.06372922,0
﻿"2022-05-14 02:02:19.173",0.06372922,0
﻿"2022-05-14 02:07:19.152",0.06372922,0
﻿"2022-05-14 02:12:19.151",0.06372922,0
﻿"2022-05-14 02:17:19.153",0.06372922,0
﻿"2022-05-14 02:22:19.158",0.06372922,0
﻿"2022-05-14 02:27:19.149",0.06372922,0
﻿"2022-05-14 02:32:19.150",0.06372922,0
﻿"2022-05-14 02:37:19.154",0.06372922,0
﻿"2022-05-14 02:42:19.147",0.06372922,0
﻿"2022-05-14 02:47:19.148",0.06372922,0
﻿"2022-05-14 02:52:19.151",0.06372922,0
﻿"2022-05-14 02:57:19.139",0.06372922,0
﻿"2022-05-14 03:02:19.144",0.06372922,0
﻿"2022-05-14 03:07:19.148",0.06372922,0
﻿"2022-05-14 03:12:19.137",0.06372922,0
﻿"2022-05-14 03:17:19.141",0.06372922,0
﻿"2022-05-14 03:22:19.146",0.06372922,0
﻿"2022-05-14 03:27:19.137",0.06372922,0
﻿"2022-05-14 03:32:19.139",0.06372922,0
﻿"2022-05-14 03:37:19.143",0.06372922,0
﻿"2022-05-14 03:42:19.135",0.06372922,0
﻿"2022-05-14 03:47:19.135",0.06372922,0
﻿"2022-05-14 03:52:19.126",0.06372922,0
﻿"2022-05-14 03:57:19.128",0.06372922,0
﻿"2022-05-14 04:02:19.132",0.06372922,0
﻿"2022-05-14 04:07:19.124",0.06372922,0
﻿"2022-05-14 04:12:19.125",0.06372922,0
﻿"2022-05-14 04:17:19.130",0.06372922,0
﻿"2022-05-14 04:22:19.135",0.06372922,0
﻿"2022-05-14 04:27:19.123",0.06372922,0
﻿"2022-05-14 04:32:19.126",0.06372922,0
﻿"2022-05-14 04:37:19.131",0.06372922,0
﻿"2022-05-14 04:42:19.122",0.06372922,0
﻿"2022-05-14 04:47:19.123",0.06372922,0
﻿"2022-05-14 04:52:19.128",0.06372922,0
﻿"2022-05-14 04:57:19.118",0.06372922,0
﻿"2022-05-14 05:02:19.120",0.06372922,0
﻿"2022-05-14 05:07:19.125",0.06372922,0
﻿"2022-05-14 05:12:19.116",0.06372922,0
﻿"2022-05-14 05:17:19.117",0.06372922,0
﻿"2022-05-14 05:22:19.122",0.06372922,0
﻿"2022-05-14 05:27:19.110",0.06372922,0
﻿"2022-05-14 05:32:19.115",0.06372922,0
﻿"2022-05-14 05:37:19.120",0.06372922,0
﻿"2022-05-14 05:42:19.108",0.06372922,0
﻿"2022-05-14 05:47:19.111",0.06372922,0
﻿"2022-05-14 05:52:19.116",0.06372922,0
﻿"2022-05-14 05:57:19.108",0.06372922,0
﻿"2022-05-14 06:02:19.109",0.06372922,0
﻿"2022-05-14 06:07:19.113",0.06372922,0
﻿"2022-05-14 06:12:19.105",0.06372922,0
﻿"2022-05-14 06:17:19.106",0.06372922,0
﻿"2022-05-14 06:22:19.111",0.06372922,0
﻿"2022-05-14 06:27:19.115",0.06372922,0
﻿"2022-05-14 06:32:19.104",0.06372922,0
﻿"2022-05-14 06:37:19.107",0.06372922,0
﻿"2022-05-14 06:42:19.112",0.06372922,0
﻿"2022-05-14 06:47:19.102",0.06372922,0
﻿"2022-05-14 06:52:19.104",0.06372922,0
﻿"2022-05-14 06:57:19.101",0.06372922,0
﻿"2022-05-14 07:02:19.097",0.06372922,0
﻿"2022-05-14 07:07:19.085",0.06372922,0
﻿"2022-05-14 07:12:19.089",0.06372922,0
﻿"2022-05-14 07:17:19.082",0.06372922,0
﻿"2022-05-14 07:22:19.081",0.06372922,0
﻿"2022-05-14 07:27:19.086",0.06372922,0
﻿"2022-05-14 07:32:19.079",0.06372922,0
﻿"2022-05-14 07:37:19.079",0.06372922,0
﻿"2022-05-14 07:42:19.083",0.06372922,0
﻿"2022-05-14 07:47:19.087",0.06372922,0
﻿"2022-05-14 07:52:19.077",0.06372922,0
﻿"2022-05-14 07:57:19.080",0.06372922,0
﻿"2022-05-14 08:02:19.085",0.06372922,0
﻿"2022-05-14 08:07:19.078",0.06372922,0
﻿"2022-05-14 08:12:19.077",0.06372922,0
﻿"2022-05-14 08:17:19.083",0.06372922,0
﻿"2022-05-14 08:22:19.087",0.06372922,0
﻿"2022-05-14 08:27:19.077",0.06372922,0
﻿"2022-05-14 08:32:19.079",0.06372922,0
﻿"2022-05-14 08:37:19.083",0.06372922,0
﻿"2022-05-14 08:42:19.074",0.06372922,0
﻿"2022-05-14 08:47:19.075",0.06372922,0
﻿"2022-05-14 08:52:19.066",0.06372922,0
﻿"2022-05-14 08:57:19.068",0.06372922,0
﻿"2022-05-14 09:02:19.073",0.06372922,0
﻿"2022-05-14 09:07:19.063",0.06372922,0
﻿"2022-05-14 09:12:19.065",0.06372922,0
﻿"2022-05-14 09:17:19.070",0.06372922,0
﻿"2022-05-14 09:22:19.063",0.06372922,0
﻿"2022-05-14 09:27:19.062",0.06372922,0
﻿"2022-05-14 09:32:19.066",0.06372922,0
﻿"2022-05-14 09:37:19.055",0.06372922,0
﻿"2022-05-14 09:42:19.060",0.06372922,0
﻿"2022-05-14 09:47:19.064",0.06372922,0
﻿"2022-05-14 09:52:19.052",0.06372922,0
﻿"2022-05-14 09:57:19.056",0.06372922,0
﻿"2022-05-14 10:02:19.061",0.06372922,0
﻿"2022-05-14 10:07:19.049",0.06372922,0
﻿"2022-05-14 10:12:19.053",0.06372922,0
﻿"2022-05-14 10:17:19.058",0.06372922,0
﻿"2022-05-14 10:22:19.046",0.06372922,0
﻿"2022-05-14 10:27:19.038",0.06372922,0
﻿"2022-05-14 10:32:19.038",0.06372922,0
﻿"2022-05-14 10:37:19.043",0.06372922,0
﻿"2022-05-14 10:42:19.035",0.06372922,0
﻿"2022-05-14 10:47:19.036",0.06372922,0
﻿"2022-05-14 10:52:19.040",0.06372922,0
﻿"2022-05-14 10:57:19.044",0.06372922,0
﻿"2022-05-14 11:02:19.032",0.06372922,0
﻿"2022-05-14 11:07:19.037",0.06372922,0
﻿"2022-05-14 11:12:19.041",0.06372922,0
﻿"2022-05-14 11:17:19.029",0.06372922,0
﻿"2022-05-14 11:22:19.022",0.06372922,0
﻿"2022-05-14 11:27:19.021",0.06372922,0
﻿"2022-05-14 11:32:19.026",0.06372922,0
﻿"2022-05-14 11:37:19.031",0.06372922,0
﻿"2022-05-14 11:42:19.019",0.06372922,0
﻿"2022-05-14 11:47:19.024",0.06372922,0
﻿"2022-05-14 11:52:19.028",0.06372922,0
﻿"2022-05-14 11:57:19.019",0.06372922,0
﻿"2022-05-14 12:02:19.021",0.06372922,0
﻿"2022-05-14 12:07:19.010",0.06372922,0
﻿"2022-05-14 12:12:19.012",0.06372922,0
﻿"2022-05-14 12:17:19.018",0.06372922,0
﻿"2022-05-14 12:22:19.008",0.06372922,0
﻿"2022-05-14 12:27:19.010",0.06372922,0
﻿"2022-05-14 12:32:19.015",0.06372922,0
﻿"2022-05-14 12:37:19.019",0.06372922,0
﻿"2022-05-14 12:42:19.006",0.06372922,0
﻿"2022-05-14 12:47:19.011",0.06372922,0
﻿"2022-05-14 12:52:19.016",0.06372922,0
﻿"2022-05-14 12:57:19.004",0.06372922,0
﻿"2022-05-14 13:02:18.993",0.06372922,0
﻿"2022-05-14 13:07:18.996",0.06372922,0
﻿"2022-05-14 13:12:19.001",0.06372922,0
﻿"2022-05-14 13:17:18.991",0.06372922,0
﻿"2022-05-14 13:22:18.993",0.06372922,0
﻿"2022-05-14 13:27:18.998",0.06372922,0
﻿"2022-05-14 13:32:18.989",0.06372922,0
﻿"2022-05-14 13:37:18.991",0.06372922,0
﻿"2022-05-14 13:42:18.995",0.06372922,0
﻿"2022-05-14 13:47:18.982",0.06372922,0
﻿"2022-05-14 13:52:18.987",0.06372922,0
﻿"2022-05-14 13:57:18.978",0.06372922,0
﻿"2022-05-14 14:02:18.980",0.06372922,0
﻿"2022-05-14 14:07:18.985",0.06372922,0
﻿"2022-05-14 14:12:18.976",0.06372922,0
﻿"2022-05-14 14:17:18.977",0.06372922,0
﻿"2022-05-14 14:22:18.982",0.06372922,0
﻿"2022-05-14 14:27:18.972",0.06372922,0
﻿"2022-05-14 14:32:18.974",0.06372922,0
﻿"2022-05-14 14:37:18.962",0.06372922,0
﻿"2022-05-14 14:42:18.966",0.06372922,0
﻿"2022-05-14 14:47:18.971",0.06372922,0
﻿"2022-05-14 14:52:18.961",0.06372922,0
﻿"2022-05-14 14:57:18.964",0.06372922,0
﻿"2022-05-14 15:02:18.968",0.06372922,0
﻿"2022-05-14 15:07:18.959",0.06372922,0
﻿"2022-05-14 15:12:18.960",0.06372922,0
﻿"2022-05-14 15:17:18.965",0.06372922,0
﻿"2022-05-14 15:22:18.969",0.06372922,0
﻿"2022-05-14 15:27:18.957",0.06372922,0
﻿"2022-05-14 15:32:18.945",0.06372922,0
﻿"2022-05-14 15:37:18.949",0.06372922,0
﻿"2022-05-14 15:42:18.954",0.06372922,0
﻿"2022-05-14 15:47:18.944",0.06372922,0
﻿"2022-05-14 15:52:18.946",0.06372922,0
﻿"2022-05-14 15:57:18.952",0.06372922,0
﻿"2022-05-14 16:02:18.943",0.06372922,0
﻿"2022-05-14 16:07:18.944",0.06372922,0
﻿"2022-05-14 16:12:18.949",0.06372922,0
﻿"2022-05-14 16:17:18.937",0.06372922,0
﻿"2022-05-14 16:22:18.941",0.06372922,0
﻿"2022-05-14 16:27:18.945",0.06372922,0
﻿"2022-05-14 16:32:18.934",0.06372922,0
﻿"2022-05-14 16:37:18.938",0.06372922,0
﻿"2022-05-14 16:42:18.942",0.06372922,0
﻿"2022-05-14 16:47:18.930",0.06372922,0
﻿"2022-05-14 16:52:18.935",0.06372922,0
﻿"2022-05-14 16:57:18.939",0.06372922,0
﻿"2022-05-14 17:02:18.928",0.06372922,0
﻿"2022-05-14 17:07:18.919",0.06372922,0
﻿"2022-05-14 17:12:18.920",0.06372922,0
﻿"2022-05-14 17:17:18.925",0.06372922,0
﻿"2022-05-14 17:22:18.917",0.06372922,0
﻿"2022-05-14 17:27:18.917",0.06372922,0
﻿"2022-05-14 17:32:18.922",0.06372922,0
﻿"2022-05-14 17:37:18.926",0.06372922,0
﻿"2022-05-14 17:42:18.914",0.06372922,0
﻿"2022-05-14 17:47:18.918",0.06372922,0
﻿"2022-05-14 17:52:18.923",0.06372922,0
﻿"2022-05-14 17:57:18.917",0.06372922,0
﻿"2022-05-14 18:02:18.916",0.06372922,0
﻿"2022-05-14 18:07:18.905",0.06372922,0
﻿"2022-05-14 18:12:18.908",0.06372922,0
﻿"2022-05-14 18:17:18.913",0.06372922,0
﻿"2022-05-14 18:22:18.901",0.06372922,0
﻿"2022-05-14 18:27:18.905",0.06372922,0
﻿"2022-05-14 18:32:18.910",0.06372922,0
﻿"2022-05-14 18:37:18.899",0.06372922,0
﻿"2022-05-14 18:42:18.902",0.06372922,0
﻿"2022-05-14 18:47:18.890",0.06372922,0
﻿"2022-05-14 18:52:18.895",0.06372922,0
﻿"2022-05-14 18:57:18.899",0.06372922,0
﻿"2022-05-14 19:02:18.889",0.06372922,0
﻿"2022-05-14 19:07:18.891",0.06372922,0
﻿"2022-05-14 19:12:18.896",0.06372922,0
﻿"2022-05-14 19:17:18.886",0.06372922,0
﻿"2022-05-14 19:22:18.888",0.06372922,0
﻿"2022-05-14 19:27:18.893",0.06372922,0
﻿"2022-05-14 19:32:18.883",0.06372922,0
﻿"2022-05-14 19:37:18.886",0.06372922,0
﻿"2022-05-14 19:42:18.874",0.06372922,0
﻿"2022-05-14 19:47:18.878",0.06372922,0
﻿"2022-05-14 19:52:18.882",0.06372922,0
﻿"2022-05-14 19:57:18.872",0.06372922,0
﻿"2022-05-14 20:02:18.875",0.06372922,0
﻿"2022-05-14 20:07:18.879",0.06372922,0
﻿"2022-05-14 20:12:18.871",0.06372922,0
﻿"2022-05-14 20:17:18.872",0.06372922,0
﻿"2022-05-14 20:22:18.876",0.06372922,0
﻿"2022-05-14 20:27:18.865",0.06372922,0
﻿"2022-05-14 20:32:18.869",0.06372922,0
﻿"2022-05-14 20:37:18.859",0.06372922,0
﻿"2022-05-14 20:42:18.861",0.06372922,0
﻿"2022-05-14 20:47:18.859",0.06372922,0
﻿"2022-05-14 20:52:18.857",0.06372922,0
﻿"2022-05-14 20:57:18.859",0.06372922,0
﻿"2022-05-14 21:02:18.863",0.06372922,0
﻿"2022-05-14 21:07:18.868",0.06372922,0
﻿"2022-05-14 21:12:18.856",0.06372922,0
﻿"2022-05-14 21:17:18.861",0.06372922,0
﻿"2022-05-14 21:22:18.865",0.06372922,0
﻿"2022-05-14 21:27:18.855",0.06372922,0
﻿"2022-05-14 21:32:18.857",0.06372922,0
﻿"2022-05-14 21:37:18.862",0.06372922,0
﻿"2022-05-14 21:42:18.852",0.06372922,0
﻿"2022-05-14 21:47:18.854",0.06372922,0
﻿"2022-05-14 21:52:18.859",0.06372922,0
﻿"2022-05-14 21:57:18.850",0.06372922,0
﻿"2022-05-14 22:02:18.851",0.06372922,0
﻿"2022-05-14 22:07:18.856",0.06372922,0
﻿"2022-05-14 22:12:18.861",0.06372922,0
﻿"2022-05-14 22:17:18.848",0.06372922,0
﻿"2022-05-14 22:22:18.852",0.06372922,0
﻿"2022-05-14 22:27:18.858",0.06372922,0
﻿"2022-05-14 22:32:18.847",0.06372922,0
﻿"2022-05-14 22:37:18.850",0.06372922,0
﻿"2022-05-14 22:42:18.854",0.06372922,0
﻿"2022-05-14 22:47:18.846",0.06372922,0
﻿"2022-05-14 22:52:18.847",0.06372922,0
﻿"2022-05-14 22:57:18.838",0.06372922,0
﻿"2022-05-14 23:02:18.840",0.06372922,0
﻿"2022-05-14 23:07:18.844",0.06372922,0
﻿"2022-05-14 23:12:18.837",0.06372922,0
﻿"2022-05-14 23:17:18.836",0.06372922,0
﻿"2022-05-14 23:22:18.840",0.06372922,0
﻿"2022-05-14 23:27:18.846",0.06372922,0
﻿"2022-05-14 23:32:18.834",0.06372922,0
﻿"2022-05-14 23:37:18.838",0.06372922,0
﻿"2022-05-14 23:42:18.843",0.06372922,0
﻿"2022-05-14 23:47:18.830",0.06372922,0
﻿"2022-05-14 23:52:18.822",0.06372922,0
﻿"2022-05-14 23:57:18.823",0.06372922,0
﻿"2022-05-15 00:02:18.828",0.06372922,0
﻿"2022-05-15 00:07:18.832",0.06372922,0
﻿"2022-05-15 00:12:18.822",0.06372922,0
﻿"2022-05-15 00:17:18.824",0.06372922,0
﻿"2022-05-15 00:22:18.829",0.06372922,0
﻿"2022-05-15 00:27:18.820",0.06372922,0
﻿"2022-05-15 00:32:18.822",0.06372922,0
﻿"2022-05-15 00:37:18.826",0.06372922,0
﻿"2022-05-15 00:42:18.814",0.06372922,0
﻿"2022-05-15 00:47:18.818",0.06372922,0
﻿"2022-05-15 00:52:18.823",0.06372922,0
﻿"2022-05-15 00:57:18.813",0.06372922,0
﻿"2022-05-15 01:02:18.816",0.06372922,0
﻿"2022-05-15 01:07:18.820",0.06372922,0
﻿"2022-05-15 01:12:18.810",0.06372922,0
﻿"2022-05-15 01:17:18.813",0.06372922,0
﻿"2022-05-15 01:22:18.817",0.06372922,0
﻿"2022-05-15 01:27:18.805",0.06372922,0
﻿"2022-05-15 01:32:18.809",0.06372922,0
﻿"2022-05-15 01:37:18.800",0.06372922,0
﻿"2022-05-15 01:42:18.802",0.06372922,0
﻿"2022-05-15 01:47:18.806",0.06372922,0
﻿"2022-05-15 01:52:18.798",0.06372922,0
﻿"2022-05-15 01:57:18.800",0.06372922,0
﻿"2022-05-15 02:02:18.803",0.06372922,0
﻿"2022-05-15 02:07:18.808",0.06372922,0
﻿"2022-05-15 02:12:18.796",0.06372922,0
﻿"2022-05-15 02:17:18.788",0.06372922,0
﻿"2022-05-15 02:22:18.789",0.06372922,0
﻿"2022-05-15 02:27:18.793",0.06372922,0
﻿"2022-05-15 02:32:18.798",0.06372922,0
﻿"2022-05-15 02:37:18.785",0.06372922,0
﻿"2022-05-15 02:42:18.790",0.06372922,0
﻿"2022-05-15 02:47:18.795",0.06372922,0
﻿"2022-05-15 02:52:18.783",0.06372922,0
﻿"2022-05-15 02:57:18.787",0.06372922,0
﻿"2022-05-15 03:02:18.792",0.06372922,0
﻿"2022-05-15 03:07:18.782",0.06372922,0
﻿"2022-05-15 03:12:18.784",0.06372922,0
﻿"2022-05-15 03:17:18.789",0.06372922,0
﻿"2022-05-15 03:22:18.793",0.06372922,0
﻿"2022-05-15 03:27:18.781",0.06372922,0
﻿"2022-05-15 03:32:18.785",0.06372922,0
﻿"2022-05-15 03:37:18.790",0.06372922,0
﻿"2022-05-15 03:42:18.778",0.06372922,0
﻿"2022-05-15 03:47:18.783",0.06372922,0
﻿"2022-05-15 03:52:18.787",0.06372922,0
﻿"2022-05-15 03:57:18.775",0.06372922,0
﻿"2022-05-15 04:02:18.780",0.06372922,0
﻿"2022-05-15 04:07:18.771",0.06372922,0
﻿"2022-05-15 04:12:18.772",0.06372922,0
﻿"2022-05-15 04:17:18.777",0.06372922,0
﻿"2022-05-15 04:22:18.768",0.06372922,0
﻿"2022-05-15 04:27:18.769",0.06372922,0
﻿"2022-05-15 04:32:18.774",0.06372922,0
﻿"2022-05-15 04:37:18.764",0.06372922,0
﻿"2022-05-15 04:42:18.766",0.06372922,0
﻿"2022-05-15 04:47:18.754",0.06372922,0
﻿"2022-05-15 04:52:18.759",0.06372922,0
﻿"2022-05-15 04:57:18.751",0.06372922,0
﻿"2022-05-15 05:02:18.752",0.06372922,0
﻿"2022-05-15 05:07:18.756",0.06372922,0
﻿"2022-05-15 05:12:18.747",0.06372922,0
﻿"2022-05-15 05:17:18.748",0.06372922,0
﻿"2022-05-15 05:22:18.753",0.06372922,0
﻿"2022-05-15 05:27:18.745",0.06372922,0
﻿"2022-05-15 05:32:18.745",0.06372922,0
﻿"2022-05-15 05:37:18.737",0.06372922,0
﻿"2022-05-15 05:42:18.738",0.06372922,0
﻿"2022-05-15 05:47:18.742",0.06372922,0
﻿"2022-05-15 05:52:18.733",0.06372922,0
﻿"2022-05-15 05:57:18.737",0.06372922,0
﻿"2022-05-15 06:02:18.739",0.06372922,0
﻿"2022-05-15 06:07:18.732",0.06372922,0
﻿"2022-05-15 06:12:18.732",0.06372922,0
﻿"2022-05-15 06:17:18.727",0.06372922,0
﻿"2022-05-15 06:22:18.726",0.06372922,0
﻿"2022-05-15 06:27:18.728",0.06372922,0
﻿"2022-05-15 06:32:18.734",0.06372922,0
﻿"2022-05-15 06:37:18.737",0.06372922,0
﻿"2022-05-15 06:42:18.725",0.06372922,0
﻿"2022-05-15 06:47:18.730",0.06372922,0
﻿"2022-05-15 06:52:18.735",0.06372922,0
﻿"2022-05-15 06:57:18.723",0.06372922,0
﻿"2022-05-15 07:02:18.728",0.06372922,0
﻿"2022-05-15 07:07:18.720",0.06372922,0
﻿"2022-05-15 07:12:18.720",0.06372922,0
﻿"2022-05-15 07:17:18.711",0.06372922,0
﻿"2022-05-15 07:22:18.712",0.06372922,0
﻿"2022-05-15 07:27:18.716",0.06372922,0
﻿"2022-05-15 07:32:18.709",0.06372922,0
﻿"2022-05-15 07:37:18.710",0.06372922,0
﻿"2022-05-15 07:42:18.714",0.06372922,0
﻿"2022-05-15 07:47:18.718",0.06372922,0
﻿"2022-05-15 07:52:18.706",0.06372922,0
﻿"2022-05-15 07:57:18.711",0.06372922,0
﻿"2022-05-15 08:02:18.716",0.06372922,0
﻿"2022-05-15 08:07:18.703",0.06372922,0
﻿"2022-05-15 08:12:18.695",0.06372922,0
﻿"2022-05-15 08:17:18.696",0.06372922,0
﻿"2022-05-15 08:22:18.701",0.06372922,0
﻿"2022-05-15 08:27:18.705",0.06372922,0
﻿"2022-05-15 08:32:18.693",0.06372922,0
﻿"2022-05-15 08:37:18.697",0.06372922,0
﻿"2022-05-15 08:42:18.702",0.06372922,0
﻿"2022-05-15 08:47:18.692",0.06372922,0
﻿"2022-05-15 08:52:18.695",0.06372922,0
﻿"2022-05-15 08:57:18.682",0.06372922,0
﻿"2022-05-15 09:02:18.687",0.06372922,0
﻿"2022-05-15 09:07:18.692",0.06372922,0
﻿"2022-05-15 09:12:18.680",0.06372922,0
﻿"2022-05-15 09:17:18.683",0.06372922,0
﻿"2022-05-15 09:22:18.688",0.06372922,0
﻿"2022-05-15 09:27:18.680",0.06372922,0
﻿"2022-05-15 09:32:18.681",0.06372922,0
﻿"2022-05-15 09:37:18.685",0.06372922,0
﻿"2022-05-15 09:42:18.677",0.06372922,0
﻿"2022-05-15 09:47:18.678",0.06372922,0
﻿"2022-05-15 09:52:18.669",0.06372922,0
﻿"2022-05-15 09:57:18.670",0.06372922,0
﻿"2022-05-15 10:02:18.675",0.06372922,0
﻿"2022-05-15 10:07:18.667",0.06372922,0
﻿"2022-05-15 10:12:18.668",0.06372922,0
﻿"2022-05-15 10:17:18.671",0.06372922,0
﻿"2022-05-15 10:22:18.676",0.06372922,0
﻿"2022-05-15 10:27:18.664",0.06372922,0
﻿"2022-05-15 10:32:18.669",0.06372922,0
﻿"2022-05-15 10:37:18.657",0.06372922,0
﻿"2022-05-15 10:42:18.661",0.06372922,0
﻿"2022-05-15 10:47:18.652",0.06372922,0
﻿"2022-05-15 10:52:18.654",0.06372922,0
﻿"2022-05-15 10:57:18.659",0.06372922,0
﻿"2022-05-15 11:02:18.650",0.06372922,0
﻿"2022-05-15 11:07:18.651",0.06372922,0
﻿"2022-05-15 11:12:18.656",0.06372922,0
﻿"2022-05-15 11:17:18.646",0.06372922,0
﻿"2022-05-15 11:22:18.648",0.06372922,0
﻿"2022-05-15 11:27:18.652",0.06372922,0
﻿"2022-05-15 11:32:18.643",0.06372922,0
﻿"2022-05-15 11:37:18.645",0.06372922,0
﻿"2022-05-15 11:42:18.649",0.06372922,0
﻿"2022-05-15 11:47:18.642",0.06372922,0
﻿"2022-05-15 11:52:18.642",0.06372922,0
﻿"2022-05-15 11:57:18.646",0.06372922,0
﻿"2022-05-15 12:02:18.651",0.06372922,0
﻿"2022-05-15 12:07:18.643",0.06372922,0
﻿"2022-05-15 12:12:18.643",0.06372922,0
﻿"2022-05-15 12:17:18.634",0.06372922,0
﻿"2022-05-15 12:22:18.636",0.06372922,0
﻿"2022-05-15 12:27:18.641",0.06372922,0
﻿"2022-05-15 12:32:18.628",0.06372922,0
﻿"2022-05-15 12:37:18.634",0.06372922,0
﻿"2022-05-15 12:42:18.638",0.06372922,0
﻿"2022-05-15 12:47:18.630",0.06372922,0
﻿"2022-05-15 12:52:18.631",0.06372922,0
﻿"2022-05-15 12:57:18.635",0.06372922,0
﻿"2022-05-15 13:02:18.626",0.06372922,0
﻿"2022-05-15 13:07:18.628",0.06372922,0
﻿"2022-05-15 13:12:18.618",0.06372922,0
﻿"2022-05-15 13:17:18.619",0.06372922,0
﻿"2022-05-15 13:22:18.624",0.06372922,0
﻿"2022-05-15 13:27:18.616",0.06372922,0
﻿"2022-05-15 13:32:18.617",0.06372922,0
﻿"2022-05-15 13:37:18.621",0.06372922,0
﻿"2022-05-15 13:42:18.626",0.06372922,0
﻿"2022-05-15 13:47:18.613",0.06372922,0
﻿"2022-05-15 13:52:18.618",0.06372922,0
﻿"2022-05-15 13:57:18.606",0.06372922,0
﻿"2022-05-15 14:02:18.611",0.06372922,0
﻿"2022-05-15 14:07:18.615",0.06372922,0
﻿"2022-05-15 14:12:18.604",0.06372922,0
﻿"2022-05-15 14:17:18.608",0.06372922,0
﻿"2022-05-15 14:22:18.612",0.06372922,0
﻿"2022-05-15 14:27:18.601",0.06372922,0
﻿"2022-05-15 14:32:18.605",0.06372922,0
﻿"2022-05-15 14:37:18.609",0.06372922,0
﻿"2022-05-15 14:42:18.601",0.06372922,0
﻿"2022-05-15 14:47:18.601",0.06372922,0
﻿"2022-05-15 14:52:18.591",0.06372922,0
﻿"2022-05-15 14:57:18.594",0.06372922,0
﻿"2022-05-15 15:02:18.598",0.06372922,0
﻿"2022-05-15 15:07:18.587",0.06372922,0
﻿"2022-05-15 15:12:18.591",0.06372922,0
﻿"2022-05-15 15:17:18.595",0.06372922,0
﻿"2022-05-15 15:22:18.588",0.06372922,0
﻿"2022-05-15 15:27:18.588",0.06372922,0
﻿"2022-05-15 15:32:18.593",0.06372922,0
﻿"2022-05-15 15:37:18.580",0.06372922,0
﻿"2022-05-15 15:42:18.585",0.06372922,0
﻿"2022-05-15 15:47:18.576",0.06372922,0
﻿"2022-05-15 15:52:18.578",0.06372922,0
﻿"2022-05-15 15:57:18.583",0.06372922,0
﻿"2022-05-15 16:02:18.574",0.06372922,0
﻿"2022-05-15 16:07:18.575",0.06372922,0
﻿"2022-05-15 16:12:18.579",0.06372922,0
﻿"2022-05-15 16:17:18.583",0.06372922,0
﻿"2022-05-15 16:22:18.572",0.06372922,0
﻿"2022-05-15 16:27:18.577",0.06372922,0
﻿"2022-05-15 16:32:18.565",0.06372922,0
﻿"2022-05-15 16:37:18.568",0.06372922,0
﻿"2022-05-15 16:42:18.574",0.06372922,0
﻿"2022-05-15 16:47:18.565",0.06372922,0
﻿"2022-05-15 16:52:18.566",0.06372922,0
﻿"2022-05-15 16:57:18.571",0.06372922,0
﻿"2022-05-15 17:02:18.563",0.06372922,0
﻿"2022-05-15 17:07:18.562",0.06372922,0
﻿"2022-05-15 17:12:18.568",0.06372922,0
﻿"2022-05-15 17:17:18.555",0.06372922,0
﻿"2022-05-15 17:22:18.559",0.06372922,0
﻿"2022-05-15 17:27:18.552",0.06372922,0
﻿"2022-05-15 17:32:18.553",0.06372922,0
﻿"2022-05-15 17:37:18.557",0.06372922,0
﻿"2022-05-15 17:42:18.561",0.06372922,0
﻿"2022-05-15 17:47:18.549",0.06372922,0
﻿"2022-05-15 17:52:18.554",0.06372922,0
﻿"2022-05-15 17:57:18.559",0.06372922,0
﻿"2022-05-15 18:02:18.548",0.06372922,0
﻿"2022-05-15 18:07:18.538",0.06372922,0
﻿"2022-05-15 18:12:18.539",0.06372922,0
﻿"2022-05-15 18:17:18.543",0.06372922,0
﻿"2022-05-15 18:22:18.535",0.06372922,0
﻿"2022-05-15 18:27:18.535",0.06372922,0
﻿"2022-05-15 18:32:18.540",0.06372922,0
﻿"2022-05-15 18:37:18.544",0.06372922,0
﻿"2022-05-15 18:42:18.532",0.06372922,0
﻿"2022-05-15 18:47:18.537",0.06372922,0
﻿"2022-05-15 18:52:18.542",0.06372922,0
﻿"2022-05-15 18:57:18.530",0.06372922,0
﻿"2022-05-15 19:02:18.522",0.06372922,0
﻿"2022-05-15 19:07:18.522",0.06372922,0
﻿"2022-05-15 19:12:18.526",0.06372922,0
﻿"2022-05-15 19:17:18.520",0.06372922,0
﻿"2022-05-15 19:22:18.519",0.06372922,0
﻿"2022-05-15 19:27:18.529",0.06372922,0
﻿"2022-05-15 19:32:18.529",0.06372922,0
﻿"2022-05-15 19:37:18.516",0.06372922,0
﻿"2022-05-15 19:42:18.521",0.06372922,0
﻿"2022-05-15 19:47:18.509",0.06372922,0
﻿"2022-05-15 19:52:18.513",0.06372922,0
﻿"2022-05-15 19:57:18.518",0.06372922,0
﻿"2022-05-15 20:02:18.507",0.06372922,0
﻿"2022-05-15 20:07:18.511",0.06372922,0
﻿"2022-05-15 20:12:18.515",0.06372922,0
﻿"2022-05-15 20:17:18.503",0.06372922,0
﻿"2022-05-15 20:22:18.507",0.06372922,0
﻿"2022-05-15 20:27:18.512",0.06372922,0
﻿"2022-05-15 20:32:18.500",0.06372922,0
﻿"2022-05-15 20:37:18.504",0.06372922,0
﻿"2022-05-15 20:42:18.492",0.06372922,0
﻿"2022-05-15 20:47:18.496",0.06372922,0
﻿"2022-05-15 20:52:18.502",0.06372922,0
﻿"2022-05-15 20:57:18.490",0.06372922,0
﻿"2022-05-15 21:02:18.494",0.06372922,0
﻿"2022-05-15 21:07:18.498",0.06372922,0
﻿"2022-05-15 21:12:18.488",0.06372922,0
﻿"2022-05-15 21:17:18.491",0.06372922,0
﻿"2022-05-15 21:22:18.495",0.06372922,0
﻿"2022-05-15 21:27:18.500",0.06372922,0
﻿"2022-05-15 21:32:18.488",0.06372922,0
﻿"2022-05-15 21:37:18.493",0.06372922,0
﻿"2022-05-15 21:42:18.497",0.06372922,0
﻿"2022-05-15 21:47:18.487",0.06372922,0
﻿"2022-05-15 21:52:18.490",0.06372922,0
﻿"2022-05-15 21:57:18.495",0.06372922,0
﻿"2022-05-15 22:02:18.487",0.06372922,0
﻿"2022-05-15 22:07:18.486",0.06372922,0
﻿"2022-05-15 22:12:18.492",0.06372922,0
﻿"2022-05-15 22:17:18.479",0.06372922,0
﻿"2022-05-15 22:22:18.483",0.06372922,0
﻿"2022-05-15 22:27:18.475",0.06372922,0
﻿"2022-05-15 22:32:18.476",0.06372922,0
﻿"2022-05-15 22:37:18.481",0.06372922,0
﻿"2022-05-15 22:42:18.485",0.06372922,0
﻿"2022-05-15 22:47:18.473",0.06372922,0
﻿"2022-05-15 22:52:18.478",0.06372922,0
﻿"2022-05-15 22:57:18.483",0.06372922,0
﻿"2022-05-15 23:02:18.470",0.06372922,0
﻿"2022-05-15 23:07:18.463",0.06372922,0
﻿"2022-05-15 23:12:18.463",0.06372922,0
﻿"2022-05-15 23:17:18.467",0.06372922,0
﻿"2022-05-15 23:22:18.472",0.06372922,0
﻿"2022-05-15 23:27:18.461",0.06372922,0
﻿"2022-05-15 23:32:18.464",0.06372922,0
﻿"2022-05-15 23:37:18.469",0.06372922,0
﻿"2022-05-15 23:42:18.461",0.06372922,0
﻿"2022-05-15 23:47:18.461",0.06372922,0
﻿"2022-05-15 23:52:18.466",0.06372922,0
﻿"2022-05-15 23:57:18.454",0.06372922,0
﻿"2022-05-16 00:02:18.458",0.06372922,0
﻿"2022-05-16 00:07:18.447",0.06372922,0
﻿"2022-05-16 00:12:18.451",0.06372922,0
﻿"2022-05-16 00:17:18.455",0.06372922,0
﻿"2022-05-16 00:22:18.446",0.06372922,0
﻿"2022-05-16 00:27:18.447",0.06372922,0
﻿"2022-05-16 00:32:18.452",0.06372922,0
﻿"2022-05-16 00:37:18.457",0.06372922,0
﻿"2022-05-16 00:42:18.444",0.06372922,0
﻿"2022-05-16 00:47:18.435",0.06372922,0
﻿"2022-05-16 00:52:18.437",0.06372922,0
﻿"2022-05-16 00:57:18.442",0.06372922,0
﻿"2022-05-16 01:02:18.434",0.06372922,0
﻿"2022-05-16 01:07:18.434",0.06372922,0
﻿"2022-05-16 01:12:18.438",0.06372922,0
﻿"2022-05-16 01:17:18.443",0.06372922,0
﻿"2022-05-16 01:22:18.433",0.06372922,0
﻿"2022-05-16 01:27:18.436",0.06372922,0
﻿"2022-05-16 01:32:18.440",0.06372922,0
﻿"2022-05-16 01:37:18.428",0.06372922,0
﻿"2022-05-16 01:42:18.432",0.06372922,0
﻿"2022-05-16 01:47:18.421",0.06372922,0
﻿"2022-05-16 01:52:18.426",0.06372922,0
﻿"2022-05-16 01:57:18.420",0.06372922,0
﻿"2022-05-16 02:02:18.420",0.06372922,0
﻿"2022-05-16 02:07:18.422",0.06372922,0
﻿"2022-05-16 02:12:18.427",0.06372922,0
﻿"2022-05-16 02:17:18.419",0.06372922,0
﻿"2022-05-16 02:22:18.419",0.06372922,0
﻿"2022-05-16 02:27:18.423",0.06372922,0
﻿"2022-05-16 02:32:18.429",0.06372922,0
﻿"2022-05-16 02:37:18.418",0.06372922,0
﻿"2022-05-16 02:42:18.421",0.06372922,0
﻿"2022-05-16 02:47:18.425",0.06372922,0
﻿"2022-05-16 02:52:18.416",0.06372922,0
﻿"2022-05-16 02:57:18.418",0.06372922,0
﻿"2022-05-16 03:02:18.422",0.0637835,0
﻿"2022-05-16 03:07:18.427",0.0637835,0
﻿"2022-05-16 03:12:18.415",0.0637835,0
﻿"2022-05-16 03:17:18.419",0.0637835,0
﻿"2022-05-16 03:22:18.424",0.0637835,0
﻿"2022-05-16 03:27:18.414",0.0637835,0
﻿"2022-05-16 03:32:18.416",0.0637835,0
﻿"2022-05-16 03:37:18.421",0.0637835,0
﻿"2022-05-16 03:42:18.414",0.0637835,0
﻿"2022-05-16 03:47:18.413",0.0637835,0
﻿"2022-05-16 03:52:18.418",0.0637835,0
﻿"2022-05-16 03:57:18.409",0.0637835,0
﻿"2022-05-16 04:02:18.410",0.0637835,0
﻿"2022-05-16 04:07:18.398",0.0637835,0
﻿"2022-05-16 04:12:18.403",0.0637835,0
﻿"2022-05-16 04:17:18.407",0.0637835,0
﻿"2022-05-16 04:22:18.398",0.0637835,0
﻿"2022-05-16 04:27:18.400",0.0637835,0
﻿"2022-05-16 04:32:18.397",0.0637835,0
﻿"2022-05-16 04:37:18.397",0.0637835,0
﻿"2022-05-16 04:42:18.398",0.0637835,0
﻿"2022-05-16 04:47:18.402",0.0637835,0
﻿"2022-05-16 04:52:18.407",0.0637835,0
﻿"2022-05-16 04:57:18.394",0.0637835,0
﻿"2022-05-16 05:02:18.387",0.0637835,0
﻿"2022-05-16 05:07:18.386",0.0637835,0
﻿"2022-05-16 05:12:18.391",0.0637835,0
﻿"2022-05-16 05:17:18.383",0.0637835,0
﻿"2022-05-16 05:22:18.383",0.0637835,0
﻿"2022-05-16 05:27:18.388",0.0637835,0
﻿"2022-05-16 05:32:18.386",0.0637835,0
﻿"2022-05-16 05:37:18.381",0.0637835,0
﻿"2022-05-16 05:42:18.372",0.0637835,0
﻿"2022-05-16 05:47:18.373",0.0637835,0
﻿"2022-05-16 05:52:18.363",0.0637835,0
﻿"2022-05-16 05:57:18.366",0.0637835,0
﻿"2022-05-16 06:02:18.370",0.0637835,0
﻿"2022-05-16 06:07:18.361",0.0637835,0
﻿"2022-05-16 06:12:18.362",0.0637835,0
﻿"2022-05-16 06:17:18.367",0.0637835,0
﻿"2022-05-16 06:22:18.359",0.0637835,0
﻿"2022-05-16 06:27:18.359",0.0637835,0
﻿"2022-05-16 06:32:18.364",0.0637835,0
﻿"2022-05-16 06:37:18.352",0.0637835,0
﻿"2022-05-16 06:42:18.357",0.0637835,0
﻿"2022-05-16 06:47:18.347",0.0637835,0
﻿"2022-05-16 06:52:18.349",0.0637835,0
﻿"2022-05-16 06:57:18.354",0.0637835,0
﻿"2022-05-16 07:02:18.358",0.0637835,0
﻿"2022-05-16 07:07:18.346",0.0637835,0
﻿"2022-05-16 07:12:18.350",0.0637835,0
﻿"2022-05-16 07:17:18.355",0.0637835,0
﻿"2022-05-16 07:22:18.345",0.0637835,0
﻿"2022-05-16 07:27:18.335",0.0637835,0
﻿"2022-05-16 07:32:18.335",0.0637835,0
﻿"2022-05-16 07:37:18.340",0.0637835,0
﻿"2022-05-16 07:42:18.345",0.0637835,0
﻿"2022-05-16 07:47:18.334",0.0637835,0
﻿"2022-05-16 07:52:18.339",0.0637835,0
﻿"2022-05-16 07:57:18.341",0.0637835,0
﻿"2022-05-16 08:02:18.333",0.0637835,0
﻿"2022-05-16 08:07:18.334",0.0637835,0
﻿"2022-05-16 08:12:18.339",0.0637835,0
﻿"2022-05-16 08:17:18.326",0.0637835,0
﻿"2022-05-16 08:22:18.331",0.0637835,0
﻿"2022-05-16 08:27:18.323",0.0637835,0
﻿"2022-05-16 08:32:18.324",0.0637835,0
﻿"2022-05-16 08:37:18.328",0.0637835,0
﻿"2022-05-16 08:42:18.319",0.0637835,0
﻿"2022-05-16 08:47:18.321",0.0637835,0
﻿"2022-05-16 08:52:18.325",0.0637835,0
﻿"2022-05-16 08:57:18.330",0.0637835,0
﻿"2022-05-16 09:02:18.317",0.0637835,0
﻿"2022-05-16 09:07:18.307",0.0637835,0
﻿"2022-05-16 09:12:18.310",0.0637835,0
﻿"2022-05-16 09:17:18.314",0.0637835,0
﻿"2022-05-16 09:22:18.305",0.0637835,0
﻿"2022-05-16 09:27:18.307",0.0637835,0
﻿"2022-05-16 09:32:18.311",0.0637835,0
﻿"2022-05-16 09:37:18.305",0.0637835,0
﻿"2022-05-16 09:42:18.304",0.0637835,0
﻿"2022-05-16 09:47:18.309",0.0637835,0
﻿"2022-05-16 09:52:18.314",0.0637835,0
﻿"2022-05-16 09:57:18.301",0.0637835,0
﻿"2022-05-16 10:02:18.305",0.0637835,0
﻿"2022-05-16 10:07:18.296",0.0637835,0
﻿"2022-05-16 10:12:18.298",0.0637835,0
﻿"2022-05-16 10:17:18.303",0.0637835,0
﻿"2022-05-16 10:22:18.295",0.0637835,0
﻿"2022-05-16 10:27:18.295",0.0637835,0
﻿"2022-05-16 10:32:18.300",0.0637835,0
﻿"2022-05-16 10:37:18.291",0.0637835,0
﻿"2022-05-16 10:42:18.292",0.0637835,0
﻿"2022-05-16 10:47:18.297",0.0637835,0
﻿"2022-05-16 10:52:18.291",0.0637835,0
﻿"2022-05-16 10:57:18.289",0.0637835,0
﻿"2022-05-16 11:02:18.294",0.0637835,0
﻿"2022-05-16 11:07:18.298",0.0637835,0
﻿"2022-05-16 11:12:18.290",0.0637835,0
﻿"2022-05-16 11:17:18.291",0.0637835,0
﻿"2022-05-16 11:22:18.296",0.0637835,0
﻿"2022-05-16 11:27:18.288",0.0637835,0
﻿"2022-05-16 11:32:18.288",0.0637835,0
﻿"2022-05-16 11:37:18.293",0.0637835,0
﻿"2022-05-16 11:42:18.297",0.0637835,0
﻿"2022-05-16 11:47:18.285",0.0637835,0
﻿"2022-05-16 11:52:18.290",0.0637835,0
﻿"2022-05-16 11:57:18.294",0.0637835,0
﻿"2022-05-16 12:02:18.282",0.0637835,0
﻿"2022-05-16 12:07:18.287",0.0637835,0
﻿"2022-05-16 12:12:18.291",0.0637835,0
﻿"2022-05-16 12:17:18.281",0.0637835,0
﻿"2022-05-16 12:22:18.284",0.0637835,0
﻿"2022-05-16 12:27:18.274",0.0637835,0
﻿"2022-05-16 12:32:18.276",0.0637835,0
﻿"2022-05-16 12:37:18.281",0.0637835,0
﻿"2022-05-16 12:42:18.272",0.0637835,0
﻿"2022-05-16 12:47:18.274",0.0637835,0
﻿"2022-05-16 12:52:18.278",0.0637835,0
﻿"2022-05-16 12:57:18.282",0.0637835,0
﻿"2022-05-16 13:02:18.272",0.0637835,0
﻿"2022-05-16 13:07:18.274",0.0637835,0
﻿"2022-05-16 13:12:18.280",0.0637835,0
﻿"2022-05-16 13:17:18.267",0.0637835,0
﻿"2022-05-16 13:22:18.272",0.0637835,0
﻿"2022-05-16 13:27:18.260",0.0637835,0
﻿"2022-05-16 13:32:18.264",0.0637835,0
﻿"2022-05-16 13:37:18.269",0.0637835,0
﻿"2022-05-16 13:42:18.258",0.0637835,0
﻿"2022-05-16 13:47:18.262",0.0637835,0
﻿"2022-05-16 13:52:18.266",0.0637835,0
﻿"2022-05-16 13:57:18.257",0.0637835,0
﻿"2022-05-16 14:02:18.259",0.0637835,0
﻿"2022-05-16 14:07:18.250",0.0637835,0
﻿"2022-05-16 14:12:18.251",0.0637835,0
﻿"2022-05-16 14:17:18.255",0.0637835,0
﻿"2022-05-16 14:22:18.260",0.0637835,0
﻿"2022-05-16 14:27:18.249",0.0637835,0
﻿"2022-05-16 14:32:18.252",0.0637835,0
﻿"2022-05-16 14:37:18.257",0.0637835,0
